Workbook

Sheet Total
A2: PLAYER | B2: G | C2: PA | D2: AB | E2: RUNS | F2: HITS | G2: RBI | H2: 1B | I2: 2B | J2: 3B | K2: HR | L2: SB | M2: BB | N2: K | O2: HBP | P2: SF | Q2: SH | R2: TB | S2: AVG | T2: OBP | U2: SLG | V2: OPS | W2: Runs Created | X2: BB% | Y2: K% | Z2: BB/K | AA2: AB/HR | AB2: wOBA | AC2: LOB | AD2: CS | AE2: SB% | AF2: ERRORS | AG2: BAbip | AH2: ISO | AI2: PwrSpd
A3: Adam Holstein (Jr) | B3: ='Regular Season'!B3+Postseason!B3 -> 5 | C3: ='Regular Season'!C3+Postseason!C3 -> 7 | D3: ='Regular Season'!D3+Postseason!D3 -> 5 | E3: ='Regular Season'!E3+Postseason!E3 -> 3 | F3: ='Regular Season'!F3+Postseason!F3 -> 0 | G3: ='Regular Season'!G3+Postseason!G3 -> 0 | H3: ='Regular Season'!H3+Postseason!H3 -> 0 | I3: ='Regular Season'!I3+Postseason!I3 -> 0 | ... R3: ='Regular Season'!R3+Postseason!R3 -> 0 | S3: =if(D3=0,"-", F3/D3) -> 0 | T3: =if(C3=0, "-", (F3+M3+O3)/(D3+M3+O3+P3)) -> 0.28571429 | U3: =iferror(if(C3=0, "-", R3/D3), 0) -> 0 | V3: =if(T3="-", "-", T3+U3) -> 0.28571429 | W3: =if(C3=0,"-", ((F3+M3)*R3)/(D3+M3)) -> 0 | X3: =if(C3=0, "-", M3/C3) -> 0.14285714 | Y3: =if(C3=0, "-", N3/C3) -> 0.28571429 | Z3: =ifs(Y3="-", "-", Y3=0, "0", Y3<>0, M3/N3) -> 0.5 | AA3: =IF(K3=0, "-", D3/K3) -> - | AB3: =if(C3=0, "-", ((0.69*M3)+(0.72*O3)+(0.88*H3)+(1.24*I3)+(1.57*J3)+(2*K3))/(D3+M3+O3+P3)) -> 0.20142857 | AC3: =if(C3=0, "-",'Regular Season'!AC3+Postseason!AC3) -> 6 | AD3: ='Regular Season'!AD3+Postseason!AD3 -> 0 | AE3: =if(L3=0, "-", L3/(L3+AD3)) -> - | AF3: ='Regular Season'!AF3+Postseason!AF3 -> 0 | AG3: =iferror((F3-K3)/(D3-K3-N3+P3), "-") -> 0 | AH3: =iferror((R3-F3)/D3, "-") -> 0 | AI3: =iferror(2*(K3*L3)/(K3+L3), "-") -> -
A4: Adam Maybury (Jr) | B4: ='Regular Season'!B4+Postseason!B4 -> 10 | C4: ='Regular Season'!C4+Postseason!C4 -> 18 | D4: ='Regular Season'!D4+Postseason!D4 -> 13 | E4: ='Regular Season'!E4+Postseason!E4 -> 6 | F4: ='Regular Season'!F4+Postseason!F4 -> 2 | G4: ='Regular Season'!G4+Postseason!G4 -> 1 | H4: ='Regular Season'!H4+Postseason!H4 -> 2 | I4: ='Regular Season'!I4+Postseason!I4 -> 0 | ... R4: ='Regular Season'!R4+Postseason!R4 -> 2 | S4: =if(D4=0,"-", F4/D4) -> 0.15384615 | T4: =if(C4=0, "-", (F4+M4+O4)/(D4+M4+O4+P4)) -> 0.38888889 | U4: =iferror(if(C4=0, "-", R4/D4), 0) -> 0.15384615 | V4: =if(T4="-", "-", T4+U4) -> 0.54273504 | W4: =if(C4=0,"-", ((F4+M4)*R4)/(D4+M4)) -> 0.77777778 | X4: =if(C4=0, "-", M4/C4) -> 0.27777778 | Y4: =if(C4=0, "-", N4/C4) -> 0.16666667 | Z4: =ifs(Y4="-", "-", Y4=0, "0", Y4<>0, M4/N4) -> 1.6666667 | AA4: =IF(K4=0, "-", D4/K4) -> - | AB4: =if(C4=0, "-", ((0.69*M4)+(0.72*O4)+(0.88*H4)+(1.24*I4)+(1.57*J4)+(2*K4))/(D4+M4+O4+P4)) -> 0.28944444 | AC4: =if(D4=0, "-",'Regular Season'!AC4+Postseason!AC4) -> 2 | AD4: ='Regular Season'!AD4+Postseason!AD4 -> 0 | AE4: =if(L4=0, "-", L4/(L4+AD4)) -> 1 | AF4: ='Regular Season'!AF4+Postseason!AF4 -> 0 | AG4: =iferror((F4-K4)/(D4-K4-N4+P4), "-") -> 0.2 | AH4: =iferror((R4-F4)/D4, "-") -> 0 | AI4: =iferror(2*(K4*L4)/(K4+L4), "-") -> 0
A5: Brody Foltz (Sr) | B5: ='Regular Season'!B5+Postseason!B5 -> 6 | C5: ='Regular Season'!C5+Postseason!C5 -> 7 | D5: ='Regular Season'!D5+Postseason!D5 -> 3 | E5: ='Regular Season'!E5+Postseason!E5 -> 1 | F5: ='Regular Season'!F5+Postseason!F5 -> 1 | G5: ='Regular Season'!G5+Postseason!G5 -> 2 | H5: ='Regular Season'!H5+Postseason!H5 -> 1 | I5: ='Regular Season'!I5+Postseason!I5 -> 0 | ... R5: ='Regular Season'!R5+Postseason!R5 -> 1 | S5: =if(D5=0,"-", F5/D5) -> 0.33333333 | T5: =if(C5=0, "-", (F5+M5+O5)/(D5+M5+O5+P5)) -> 0.71428571 | U5: =iferror(if(C5=0, "-", R5/D5), 0) -> 0.33333333 | V5: =if(T5="-", "-", T5+U5) -> 1.047619 | W5: =if(C5=0,"-", ((F5+M5)*R5)/(D5+M5)) -> 0.66666667 | X5: =if(C5=0, "-", M5/C5) -> 0.42857143 | Y5: =if(C5=0, "-", N5/C5) -> 0.14285714 | Z5: =ifs(Y5="-", "-", Y5=0, "0", Y5<>0, M5/N5) -> 3 | AA5: =IF(K5=0, "-", D5/K5) -> - | AB5: =if(C5=0, "-", ((0.69*M5)+(0.72*O5)+(0.88*H5)+(1.24*I5)+(1.57*J5)+(2*K5))/(D5+M5+O5+P5)) -> 0.52428571 | AC5: =if(D5=0, "-",'Regular Season'!AC5+Postseason!AC5) -> 1 | AD5: ='Regular Season'!AD5+Postseason!AD5 -> 0 | AE5: =if(L5=0, "-", L5/(L5+AD5)) -> - | AF5: ='Regular Season'!AF5+Postseason!AF5 -> 0 | AG5: =iferror((F5-K5)/(D5-K5-N5+P5), "-") -> 0.5 | AH5: =iferror((R5-F5)/D5, "-") -> 0 | AI5: =iferror(2*(K5*L5)/(K5+L5), "-") -> -
A6: Carter Christenson (Sr) | B6: ='Regular Season'!B6+Postseason!B6 -> 28 | C6: ='Regular Season'!C6+Postseason!C6 -> 99 | D6: ='Regular Season'!D6+Postseason!D6 -> 77 | E6: ='Regular Season'!E6+Postseason!E6 -> 27 | F6: ='Regular Season'!F6+Postseason!F6 -> 30 | G6: ='Regular Season'!G6+Postseason!G6 -> 25 | H6: ='Regular Season'!H6+Postseason!H6 -> 20 | I6: ='Regular Season'!I6+Postseason!I6 -> 2 | ... R6: ='Regular Season'!R6+Postseason!R6 -> 49 | S6: =if(D6=0,"-", F6/D6) -> 0.38961039 | T6: =if(C6=0, "-", (F6+M6+O6)/(D6+M6+O6+P6)) -> 0.51515152 | U6: =iferror(if(C6=0, "-", R6/D6), 0) -> 0.63636364 | V6: =if(T6="-", "-", T6+U6) -> 1.1515152 | W6: =if(C6=0,"-", ((F6+M6)*R6)/(D6+M6)) -> 25.010417 | X6: =if(C6=0, "-", M6/C6) -> 0.19191919 | Y6: =if(C6=0, "-", N6/C6) -> 0.2020202 | Z6: =ifs(Y6="-", "-", Y6=0, "0", Y6<>0, M6/N6) -> 0.95 | AA6: =IF(K6=0, "-", D6/K6) -> 77 | AB6: =if(C6=0, "-", ((0.69*M6)+(0.72*O6)+(0.88*H6)+(1.24*I6)+(1.57*J6)+(2*K6))/(D6+M6+O6+P6)) -> 0.4810101 | AC6: =if(D6=0, "-",'Regular Season'!AC6+Postseason!AC6) -> 23 | AD6: ='Regular Season'!AD6+Postseason!AD6 -> 2 | AE6: =if(L6=0, "-", L6/(L6+AD6)) -> 0.90909091 | AF6: ='Regular Season'!AF6+Postseason!AF6 -> 3 | AG6: =iferror((F6-K6)/(D6-K6-N6+P6), "-") -> 0.50877193 | AH6: =iferror((R6-F6)/D6, "-") -> 0.24675325 | AI6: =iferror(2*(K6*L6)/(K6+L6), "-") -> 1.9047619
A7: Charlie Valencic (Sr) | B7: ='Regular Season'!B7+Postseason!B7 -> 27 | C7: ='Regular Season'!C7+Postseason!C7 -> 76 | D7: ='Regular Season'!D7+Postseason!D7 -> 60 | E7: ='Regular Season'!E7+Postseason!E7 -> 19 | F7: ='Regular Season'!F7+Postseason!F7 -> 17 | G7: ='Regular Season'!G7+Postseason!G7 -> 17 | H7: ='Regular Season'!H7+Postseason!H7 -> 12 | I7: ='Regular Season'!I7+Postseason!I7 -> 3 | ... R7: ='Regular Season'!R7+Postseason!R7 -> 24 | S7: =if(D7=0,"-", F7/D7) -> 0.28333333 | T7: =if(C7=0, "-", (F7+M7+O7)/(D7+M7+O7+P7)) -> 0.39189189 | U7: =iferror(if(C7=0, "-", R7/D7), 0) -> 0.4 | V7: =if(T7="-", "-", T7+U7) -> 0.79189189 | W7: =if(C7=0,"-", ((F7+M7)*R7)/(D7+M7)) -> 9.6666667 | X7: =if(C7=0, "-", M7/C7) -> 0.15789474 | Y7: =if(C7=0, "-", N7/C7) -> 0.11842105 | Z7: =ifs(Y7="-", "-", Y7=0, "0", Y7<>0, M7/N7) -> 1.3333333 | AA7: =IF(K7=0, "-", D7/K7) -> - | AB7: =if(C7=0, "-", ((0.69*M7)+(0.72*O7)+(0.88*H7)+(1.24*I7)+(1.57*J7)+(2*K7))/(D7+M7+O7+P7)) -> 0.3472973 | AC7: =if(D7=0, "-",'Regular Season'!AC7+Postseason!AC7) -> 18 | AD7: ='Regular Season'!AD7+Postseason!AD7 -> 3 | AE7: =if(L7=0, "-", L7/(L7+AD7)) -> 0.66666667 | AF7: ='Regular Season'!AF7+Postseason!AF7 -> 4 | AG7: =iferror((F7-K7)/(D7-K7-N7+P7), "-") -> 0.32075472 | AH7: =iferror((R7-F7)/D7, "-") -> 0.11666667 | AI7: =iferror(2*(K7*L7)/(K7+L7), "-") -> 0
A8: Conner Cuozzo (Jr) | B8: ='Regular Season'!B8+Postseason!B8 -> 28 | C8: ='Regular Season'!C8+Postseason!C8 -> 97 | D8: ='Regular Season'!D8+Postseason!D8 -> 82 | E8: ='Regular Season'!E8+Postseason!E8 -> 27 | F8: ='Regular Season'!F8+Postseason!F8 -> 32 | G8: ='Regular Season'!G8+Postseason!G8 -> 32 | H8: ='Regular Season'!H8+Postseason!H8 -> 17 | I8: ='Regular Season'!I8+Postseason!I8 -> 6 | ... R8: ='Regular Season'!R8+Postseason!R8 -> 64 | S8: =if(D8=0,"-", F8/D8) -> 0.3902439 | T8: =if(C8=0, "-", (F8+M8+O8)/(D8+M8+O8+P8)) -> 0.48453608 | U8: =iferror(if(C8=0, "-", R8/D8), 0) -> 0.7804878 | V8: =if(T8="-", "-", T8+U8) -> 1.2650239 | W8: =if(C8=0,"-", ((F8+M8)*R8)/(D8+M8)) -> 30.666667 | X8: =if(C8=0, "-", M8/C8) -> 0.1443299 | Y8: =if(C8=0, "-", N8/C8) -> 0.22680412 | Z8: =ifs(Y8="-", "-", Y8=0, "0", Y8<>0, M8/N8) -> 0.63636364 | AA8: =IF(K8=0, "-", D8/K8) -> 10.25 | AB8: =if(C8=0, "-", ((0.69*M8)+(0.72*O8)+(0.88*H8)+(1.24*I8)+(1.57*J8)+(2*K8))/(D8+M8+O8+P8)) -> 0.51907216 | AC8: =if(D8=0, "-",'Regular Season'!AC8+Postseason!AC8) -> 14 | AD8: ='Regular Season'!AD8+Postseason!AD8 -> 4 | AE8: =if(L8=0, "-", L8/(L8+AD8)) -> 0.71428571 | AF8: ='Regular Season'!AF8+Postseason!AF8 -> 1 | AG8: =iferror((F8-K8)/(D8-K8-N8+P8), "-") -> 0.46153846 | AH8: =iferror((R8-F8)/D8, "-") -> 0.3902439 | AI8: =iferror(2*(K8*L8)/(K8+L8), "-") -> 8.8888889
A9: Cooper Ridley (Sr) | B9: ='Regular Season'!B9+Postseason!B9 -> 24 | C9: ='Regular Season'!C9+Postseason!C9 -> 77 | D9: ='Regular Season'!D9+Postseason!D9 -> 65 | E9: ='Regular Season'!E9+Postseason!E9 -> 19 | F9: ='Regular Season'!F9+Postseason!F9 -> 21 | G9: ='Regular Season'!G9+Postseason!G9 -> 20 | H9: ='Regular Season'!H9+Postseason!H9 -> 11 | I9: ='Regular Season'!I9+Postseason!I9 -> 3 | ... R9: ='Regular Season'!R9+Postseason!R9 -> 41 | S9: =if(D9=0,"-", F9/D9) -> 0.32307692 | T9: =if(C9=0, "-", (F9+M9+O9)/(D9+M9+O9+P9)) -> 0.42857143 | U9: =iferror(if(C9=0, "-", R9/D9), 0) -> 0.63076923 | V9: =if(T9="-", "-", T9+U9) -> 1.0593407 | W9: =if(C9=0,"-", ((F9+M9)*R9)/(D9+M9)) -> 17.263158 | X9: =if(C9=0, "-", M9/C9) -> 0.14285714 | Y9: =if(C9=0, "-", N9/C9) -> 0.28571429 | Z9: =ifs(Y9="-", "-", Y9=0, "0", Y9<>0, M9/N9) -> 0.5 | AA9: =IF(K9=0, "-", D9/K9) -> 21.666667 | AB9: =if(C9=0, "-", ((0.69*M9)+(0.72*O9)+(0.88*H9)+(1.24*I9)+(1.57*J9)+(2*K9))/(D9+M9+O9+P9)) -> 0.44142857 | AC9: =if(D9=0, "-",'Regular Season'!AC9+Postseason!AC9) -> 11 | AD9: ='Regular Season'!AD9+Postseason!AD9 -> 1 | AE9: =if(L9=0, "-", L9/(L9+AD9)) -> 0.92857143 | AF9: ='Regular Season'!AF9+Postseason!AF9 -> 0 | AG9: =iferror((F9-K9)/(D9-K9-N9+P9), "-") -> 0.45 | AH9: =iferror((R9-F9)/D9, "-") -> 0.30769231 | AI9: =iferror(2*(K9*L9)/(K9+L9), "-") -> 4.875
A10: Donovan Glosser (So) | B10: ='Regular Season'!B10+Postseason!B10 -> 22 | C10: ='Regular Season'!C10+Postseason!C10 -> 60 | D10: ='Regular Season'!D10+Postseason!D10 -> 42 | E10: ='Regular Season'!E10+Postseason!E10 -> 11 | F10: ='Regular Season'!F10+Postseason!F10 -> 7 | G10: ='Regular Season'!G10+Postseason!G10 -> 6 | H10: ='Regular Season'!H10+Postseason!H10 -> 6 | I10: ='Regular Season'!I10+Postseason!I10 -> 1 | ... R10: ='Regular Season'!R10+Postseason!R10 -> 8 | S10: =if(D10=0,"-", F10/D10) -> 0.16666667 | T10: =if(C10=0, "-", (F10+M10+O10)/(D10+M10+O10+P10)) -> 0.36842105 | U10: =iferror(if(C10=0, "-", R10/D10), 0) -> 0.19047619 | V10: =if(T10="-", "-", T10+U10) -> 0.55889724 | W10: =if(C10=0,"-", ((F10+M10)*R10)/(D10+M10)) -> 2.8148148 | X10: =if(C10=0, "-", M10/C10) -> 0.2 | Y10: =if(C10=0, "-", N10/C10) -> 0.16666667 | Z10: =ifs(Y10="-", "-", Y10=0, "0", Y10<>0, M10/N10) -> 1.2 | AA10: =IF(K10=0, "-", D10/K10) -> - | AB10: =if(C10=0, "-", ((0.69*M10)+(0.72*O10)+(0.88*H10)+(1.24*I10)+(1.57*J10)+(2*K10))/(D10+M10+O10+P10)) -> 0.28491228 | AC10: =if(D10=0, "-",'Regular Season'!AC10+Postseason!AC10) -> 8 | AD10: ='Regular Season'!AD10+Postseason!AD10 -> 0 | AE10: =if(L10=0, "-", L10/(L10+AD10)) -> 1 | AF10: ='Regular Season'!AF10+Postseason!AF10 -> 2 | AG10: =iferror((F10-K10)/(D10-K10-N10+P10), "-") -> 0.21212121 | AH10: =iferror((R10-F10)/D10, "-") -> 0.023809524 | AI10: =iferror(2*(K10*L10)/(K10+L10), "-") -> 0
A11: Griffin Booth (Sr) | B11: ='Regular Season'!B11+Postseason!B11 -> 10 | C11: ='Regular Season'!C11+Postseason!C11 -> 25 | D11: ='Regular Season'!D11+Postseason!D11 -> 18 | E11: ='Regular Season'!E11+Postseason!E11 -> 6 | F11: ='Regular Season'!F11+Postseason!F11 -> 3 | G11: ='Regular Season'!G11+Postseason!G11 -> 3 | H11: ='Regular Season'!H11+Postseason!H11 -> 2 | I11: ='Regular Season'!I11+Postseason!I11 -> 1 | ... R11: ='Regular Season'!R11+Postseason!R11 -> 4 | S11: =if(D11=0,"-", F11/D11) -> 0.16666667 | T11: =if(C11=0, "-", (F11+M11+O11)/(D11+M11+O11+P11)) -> 0.34782609 | U11: =iferror(if(C11=0, "-", R11/D11), 0) -> 0.22222222 | V11: =if(T11="-", "-", T11+U11) -> 0.57004831 | W11: =if(C11=0,"-", ((F11+M11)*R11)/(D11+M11)) -> 1.3913043 | X11: =if(C11=0, "-", M11/C11) -> 0.2 | Y11: =if(C11=0, "-", N11/C11) -> 0.16 | Z11: =ifs(Y11="-", "-", Y11=0, "0", Y11<>0, M11/N11) -> 1.25 | AA11: =IF(K11=0, "-", D11/K11) -> - | AB11: =if(C11=0, "-", ((0.69*M11)+(0.72*O11)+(0.88*H11)+(1.24*I11)+(1.57*J11)+(2*K11))/(D11+M11+O11+P11)) -> 0.28043478 | AC11: =if(D11=0, "-",'Regular Season'!AC11+Postseason!AC11) -> 2 | AD11: ='Regular Season'!AD11+Postseason!AD11 -> 0 | AE11: =if(L11=0, "-", L11/(L11+AD11)) -> - | AF11: ='Regular Season'!AF11+Postseason!AF11 -> 1 | AG11: =iferror((F11-K11)/(D11-K11-N11+P11), "-") -> 0.21428571 | AH11: =iferror((R11-F11)/D11, "-") -> 0.055555556 | AI11: =iferror(2*(K11*L11)/(K11+L11), "-") -> -
A12: Jackson Porta (Sr) | B12: ='Regular Season'!B12+Postseason!B12 -> 27 | C12: ='Regular Season'!C12+Postseason!C12 -> 79 | D12: ='Regular Season'!D12+Postseason!D12 -> 66 | E12: ='Regular Season'!E12+Postseason!E12 -> 14 | F12: ='Regular Season'!F12+Postseason!F12 -> 19 | G12: ='Regular Season'!G12+Postseason!G12 -> 19 | H12: ='Regular Season'!H12+Postseason!H12 -> 13 | I12: ='Regular Season'!I12+Postseason!I12 -> 5 | ... R12: ='Regular Season'!R12+Postseason!R12 -> 26 | S12: =if(D12=0,"-", F12/D12) -> 0.28787879 | T12: =if(C12=0, "-", (F12+M12+O12)/(D12+M12+O12+P12)) -> 0.36363636 | U12: =iferror(if(C12=0, "-", R12/D12), 0) -> 0.39393939 | V12: =if(T12="-", "-", T12+U12) -> 0.75757576 | W12: =if(C12=0,"-", ((F12+M12)*R12)/(D12+M12)) -> 9.7066667 | X12: =if(C12=0, "-", M12/C12) -> 0.11392405 | Y12: =if(C12=0, "-", N12/C12) -> 0.15189873 | Z12: =ifs(Y12="-", "-", Y12=0, "0", Y12<>0, M12/N12) -> 0.75 | AA12: =IF(K12=0, "-", D12/K12) -> - | AB12: =if(C12=0, "-", ((0.69*M12)+(0.72*O12)+(0.88*H12)+(1.24*I12)+(1.57*J12)+(2*K12))/(D12+M12+O12+P12)) -> 0.33012987 | AC12: =if(D12=0, "-",'Regular Season'!AC12+Postseason!AC12) -> 16 | AD12: ='Regular Season'!AD12+Postseason!AD12 -> 1 | AE12: =if(L12=0, "-", L12/(L12+AD12)) -> 0.92307692 | AF12: ='Regular Season'!AF12+Postseason!AF12 -> 0 | AG12: =iferror((F12-K12)/(D12-K12-N12+P12), "-") -> 0.33928571 | AH12: =iferror((R12-F12)/D12, "-") -> 0.10606061 | AI12: =iferror(2*(K12*L12)/(K12+L12), "-") -> 0
A13: Jake Bell (Sr) | B13: ='Regular Season'!B13+Postseason!B13 -> 15 | C13: ='Regular Season'!C13+Postseason!C13 -> 44 | D13: ='Regular Season'!D13+Postseason!D13 -> 30 | E13: ='Regular Season'!E13+Postseason!E13 -> 12 | F13: ='Regular Season'!F13+Postseason!F13 -> 11 | G13: ='Regular Season'!G13+Postseason!G13 -> 7 | H13: ='Regular Season'!H13+Postseason!H13 -> 8 | I13: ='Regular Season'!I13+Postseason!I13 -> 2 | ... R13: ='Regular Season'!R13+Postseason!R13 -> 15 | S13: =if(D13=0,"-", F13/D13) -> 0.36666667 | T13: =if(C13=0, "-", (F13+M13+O13)/(D13+M13+O13+P13)) -> 0.525 | U13: =iferror(if(C13=0, "-", R13/D13), 0) -> 0.5 | V13: =if(T13="-", "-", T13+U13) -> 1.025 | W13: =if(C13=0,"-", ((F13+M13)*R13)/(D13+M13)) -> 7.6923077 | X13: =if(C13=0, "-", M13/C13) -> 0.20454545 | Y13: =if(C13=0, "-", N13/C13) -> 0.20454545 | Z13: =ifs(Y13="-", "-", Y13=0, "0", Y13<>0, M13/N13) -> 1 | AA13: =IF(K13=0, "-", D13/K13) -> - | AB13: =if(C13=0, "-", ((0.69*M13)+(0.72*O13)+(0.88*H13)+(1.24*I13)+(1.57*J13)+(2*K13))/(D13+M13+O13+P13)) -> 0.4505 | AC13: =if(D13=0, "-",'Regular Season'!AC13+Postseason!AC13) -> 9 | AD13: ='Regular Season'!AD13+Postseason!AD13 -> 0 | AE13: =if(L13=0, "-", L13/(L13+AD13)) -> 1 | AF13: ='Regular Season'!AF13+Postseason!AF13 -> 1 | AG13: =iferror((F13-K13)/(D13-K13-N13+P13), "-") -> 0.52380952 | AH13: =iferror((R13-F13)/D13, "-") -> 0.13333333 | AI13: =iferror(2*(K13*L13)/(K13+L13), "-") -> 0
A14: Jovan Love (Sr) | B14: ='Regular Season'!B14+Postseason!B14 -> 26 | C14: ='Regular Season'!C14+Postseason!C14 -> 86 | D14: ='Regular Season'!D14+Postseason!D14 -> 66 | E14: ='Regular Season'!E14+Postseason!E14 -> 28 | F14: ='Regular Season'!F14+Postseason!F14 -> 24 | G14: ='Regular Season'!G14+Postseason!G14 -> 24 | H14: ='Regular Season'!H14+Postseason!H14 -> 15 | I14: ='Regular Season'!I14+Postseason!I14 -> 4 | ... R14: ='Regular Season'!R14+Postseason!R14 -> 42 | S14: =if(D14=0,"-", F14/D14) -> 0.36363636 | T14: =if(C14=0, "-", (F14+M14+O14)/(D14+M14+O14+P14)) -> 0.47674419 | U14: =iferror(if(C14=0, "-", R14/D14), 0) -> 0.63636364 | V14: =if(T14="-", "-", T14+U14) -> 1.1131078 | W14: =if(C14=0,"-", ((F14+M14)*R14)/(D14+M14)) -> 19.95 | X14: =if(C14=0, "-", M14/C14) -> 0.1627907 | Y14: =if(C14=0, "-", N14/C14) -> 0.20930233 | Z14: =ifs(Y14="-", "-", Y14=0, "0", Y14<>0, M14/N14) -> 0.77777778 | AA14: =IF(K14=0, "-", D14/K14) -> 16.5 | AB14: =if(C14=0, "-", ((0.69*M14)+(0.72*O14)+(0.88*H14)+(1.24*I14)+(1.57*J14)+(2*K14))/(D14+M14+O14+P14)) -> 0.45988372 | AC14: =if(D14=0, "-",'Regular Season'!AC14+Postseason!AC14) -> 20 | AD14: ='Regular Season'!AD14+Postseason!AD14 -> 0 | AE14: =if(L14=0, "-", L14/(L14+AD14)) -> 1 | AF14: ='Regular Season'!AF14+Postseason!AF14 -> 1 | AG14: =iferror((F14-K14)/(D14-K14-N14+P14), "-") -> 0.42553191 | AH14: =iferror((R14-F14)/D14, "-") -> 0.27272727 | AI14: =iferror(2*(K14*L14)/(K14+L14), "-") -> 6.4
A15: Kayde Ridley (Jr) | B15: ='Regular Season'!B15+Postseason!B15 -> 2 | C15: ='Regular Season'!C15+Postseason!C15 -> 2 | D15: ='Regular Season'!D15+Postseason!D15 -> 1 | E15: ='Regular Season'!E15+Postseason!E15 -> 0 | F15: ='Regular Season'!F15+Postseason!F15 -> 1 | G15: ='Regular Season'!G15+Postseason!G15 -> 1 | H15: ='Regular Season'!H15+Postseason!H15 -> 1 | I15: ='Regular Season'!I15+Postseason!I15 -> 0 | ... R15: ='Regular Season'!R15+Postseason!R15 -> 1 | S15: =if(D15=0,"-", F15/D15) -> 1 | T15: =if(C15=0, "-", (F15+M15+O15)/(D15+M15+O15+P15)) -> 1 | U15: =iferror(if(C15=0, "-", R15/D15), 0) -> 1 | V15: =if(T15="-", "-", T15+U15) -> 2 | W15: =if(C15=0,"-", ((F15+M15)*R15)/(D15+M15)) -> 1 | X15: =if(C15=0, "-", M15/C15) -> 0.5 | Y15: =if(C15=0, "-", N15/C15) -> 0 | Z15: =ifs(Y15="-", "-", Y15=0, "0", Y15<>0, M15/N15) -> 0 | AA15: =IF(K15=0, "-", D15/K15) -> - | AB15: =if(C15=0, "-", ((0.69*M15)+(0.72*O15)+(0.88*H15)+(1.24*I15)+(1.57*J15)+(2*K15))/(D15+M15+O15+P15)) -> 0.785 | AC15: =if(D15=0, "-",'Regular Season'!AC15+Postseason!AC15) -> 0 | AD15: ='Regular Season'!AD15+Postseason!AD15 -> 0 | AE15: =if(L15=0, "-", L15/(L15+AD15)) -> - | AF15: ='Regular Season'!AF15+Postseason!AF15 -> 0 | AG15: =iferror((F15-K15)/(D15-K15-N15+P15), "-") -> 1 | AH15: =iferror((R15-F15)/D15, "-") -> 0 | AI15: =iferror(2*(K15*L15)/(K15+L15), "-") -> -
... A21: Will Schirmer (Sr) | B21: ='Regular Season'!B21+Postseason!B21 -> 17 | C21: ='Regular Season'!C21+Postseason!C21 -> 40 | D21: ='Regular Season'!D21+Postseason!D21 -> 31 | E21: ='Regular Season'!E21+Postseason!E21 -> 15 | F21: ='Regular Season'!F21+Postseason!F21 -> 15 | G21: ='Regular Season'!G21+Postseason!G21 -> 12 | H21: ='Regular Season'!H21+Postseason!H21 -> 13 | I21: ='Regular Season'!I21+Postseason!I21 -> 0 | ... R21: ='Regular Season'!R21+Postseason!R21 -> 20 | S21: =if(D21=0,"-", F21/D21) -> 0.48387097 | T21: =if(C21=0, "-", (F21+M21+O21)/(D21+M21+O21+P21)) -> 0.52631579 | U21: =iferror(if(C21=0, "-", R21/D21), 0) -> 0.64516129 | V21: =if(T21="-", "-", T21+U21) -> 1.1714771 | W21: =if(C21=0,"-", ((F21+M21)*R21)/(D21+M21)) -> 11.111111 | X21: =if(C21=0, "-", M21/C21) -> 0.125 | Y21: =if(C21=0, "-", N21/C21) -> 0.075 | Z21: =ifs(Y21="-", "-", Y21=0, "0", Y21<>0, M21/N21) -> 1.6666667 | AA21: =IF(K21=0, "-", D21/K21) -> 31 | AB21: =if(C21=0, "-", ((0.69*M21)+(0.72*O21)+(0.88*H21)+(1.24*I21)+(1.57*J21)+(2*K21))/(D21+M21+O21+P21)) -> 0.48578947 | AC21: =if(D21=0, "-",'Regular Season'!AC21+Postseason!AC21) -> 3 | AD21: ='Regular Season'!AD21+Postseason!AD21 -> 2 | AE21: =if(L21=0, "-", L21/(L21+AD21)) -> 0.66666667 | AF21: ='Regular Season'!AF21+Postseason!AF21 -> 2 | AG21: =iferror((F21-K21)/(D21-K21-N21+P21), "-") -> 0.48275862 | AH21: =iferror((R21-F21)/D21, "-") -> 0.16129032 | AI21: =iferror(2*(K21*L21)/(K21+L21), "-") -> 1.6
A22: Totals | C22: =sum(C3:C21) -> 957 | D22: =sum(D3:D21) -> 751 | E22: =sum(E3:E21) -> 265 | F22: =sum(F3:F21) -> 263 | G22: =sum(G3:G21) -> 231 | H22: =F22-(I22+J22+K22) -> 180 | I22: =sum(I3:I21) -> 41 | J22: =sum(J3:J21) -> 21 | K22: =sum(K3:K21) -> 21 | L22: =sum(L3:L21) -> 129 | M22: =sum(M3:M21) -> 155 | N22: =sum(N3:N21) -> 170 | O22: =sum(O3:O21) -> 19 | P22: =sum(P3:P21) -> 16 | Q22: =sum(Q3:Q21) -> 16 | R22: =(H22+(2*I22)+(3*J22)+(4*K22)) -> 409 | S22: =iferror(F22/D22, 0) -> 0.35019973 | T22: =iferror((F22+M22+O22)/(D22+M22+O22+P22), 0) -> 0.46439957 | U22: =iferror(R22/D22, 0) -> 0.54460719 | V22: =T22+U22 -> 1.0090068 | W22: =iferror(((F22+M22)*R22)/(D22+M22), 0) -> 188.69978 | X22: =iferror(M22/C22, 0) -> 0.16196447 | Y22: =iferror(N22/C22, 0) -> 0.17763845 | Z22: =ifs(Y22="-", "-", Y22=0, "0", Y22<>0, M22/N22) -> 0.91176471 | AA22: =IF(K22=0, "-", D22/K22) -> 35.761905 | AB22: =if(D22=0, "-", ((0.69*M22)+(0.72*O22)+(0.88*H22)+(1.24*I22)+(1.57*J22)+(2*K22))/(D22+M22+O22+P22)) -> 0.43022317 | AC22: ='Regular Season'!AC22+Postseason!AC22 -> 163 | AD22: =sum(AD3:AD21) -> 16 | AE22: =if(L22=0, "-", L22/(L22+AD22)) -> 0.88965517 | AF22: =sum(AF3:AF21) -> 19 | AG22: =iferror((F22-K22)/(D22-K22-N22+P22), "-") -> 0.42013889 | AH22: =iferror((R22-F22)/D22, "-") -> 0.19440746 | AI22: =iferror(2*(K22*L22)/(K22+L22), "-") -> 36.12
A24: Pitching Totals
A25: PLAYER | B25: G | C25: W-L% | D25: GS | E25: CG | F25: Full IP | G25: Partial IP | H25: IP | I25: H | J25: R | K25: ER | L25: BB | M25: K | N25: HR | O25: W | P25: L | Q25: SV | R25: SHO | S25: WHIP | T25: ERA | U25: H/7 | V25: BB/7 | W25: K/7 | X25: K/9 | Y25: HR/7 | Z25: BB/K | AA25: ERRORS
A26: Braylon Connell (Sr) | B26: ='Regular Season'!B26+Postseason!B26 -> 4 | C26: =IF((O26+P26)=0, "-", O26/(O26+P26)) -> 1 | D26: ='Regular Season'!D26+Postseason!D26 -> 1 | E26: ='Regular Season'!E26+Postseason!E26 -> 0 | F26: ='Regular Season'!F26+Postseason!F26 -> 7 | G26: ='Regular Season'!G26+Postseason!G26 -> 0.66666667 | H26: ='Regular Season'!H26+Postseason!H26 -> 7.2 | I26: ='Regular Season'!I26+Postseason!I26 -> 4 | J26: ='Regular Season'!J26+Postseason!J26 -> 4 | K26: ='Regular Season'!K26+Postseason!K26 -> 4 | ... R26: ='Regular Season'!R26+Postseason!R26 -> 0 | S26: =if(F26=0, "-", (L26+I26)/(F26+G26)) -> 1.3043478 | T26: =if(F26=0, "-", (K26/(F26+G26))*7) -> 3.6521739 | U26: =if(F26=0, "-", 7*(I26/(F26+G26))) -> 3.6521739 | V26: =if(F26=0, "-", 7*(L26/(F26+G26))) -> 5.4782609 | W26: =if(F26=0, "-", 7*(M26/(F26+G26))) -> 4.5652174 | X26: =if(F26=0, "-", 9*(M26/(F26+G26))) -> 5.8695652 | Y26: =if(F26=0, "-", 7*(N26/(F26+G26))) -> 0 | Z26: =if(M26=0,"-", L26/M26) -> 1.2 | AA26: ='Regular Season'!AA26+Postseason!AA26 -> 0
A27: Carter Christenson (Sr) | B27: ='Regular Season'!B27+Postseason!B27 -> 0 | C27: =IF((O27+P27)=0, "-", O27/(O27+P27)) -> - | D27: ='Regular Season'!D27+Postseason!D27 -> 0 | E27: ='Regular Season'!E27+Postseason!E27 -> 0 | F27: ='Regular Season'!F27+Postseason!F27 -> 0 | G27: ='Regular Season'!G27+Postseason!G27 -> 0 | H27: ='Regular Season'!H27+Postseason!H27 -> 0 | I27: ='Regular Season'!I27+Postseason!I27 -> 0 | J27: ='Regular Season'!J27+Postseason!J27 -> 0 | K27: ='Regular Season'!K27+Postseason!K27 -> 0 | ... R27: ='Regular Season'!R27+Postseason!R27 -> 0 | S27: =if(F27=0, "-", (L27+I27)/(F27+G27)) -> - | T27: =if(F27=0, "-", (K27/(F27+G27))*7) -> - | U27: =if(F27=0, "-", 7*(I27/(F27+G27))) -> - | V27: =if(F27=0, "-", 7*(L27/(F27+G27))) -> - | W27: =if(F27=0, "-", 7*(M27/(F27+G27))) -> - | X27: =if(F27=0, "-", 9*(M27/(F27+G27))) -> - | Y27: =if(F27=0, "-", 7*(N27/(F27+G27))) -> - | Z27: =if(M27=0,"-", L27/M27) -> - | AA27: ='Regular Season'!AA27+Postseason!AA27 -> 0
A28: Connor Fuhrer (Sr) | B28: ='Regular Season'!B28+Postseason!B28 -> 10 | C28: =IF((O28+P28)=0, "-", O28/(O28+P28)) -> 1 | D28: ='Regular Season'!D28+Postseason!D28 -> 9 | E28: ='Regular Season'!E28+Postseason!E28 -> 2 | F28: ='Regular Season'!F28+Postseason!F28 -> 53 | G28: ='Regular Season'!G28+Postseason!G28 -> 0 | H28: ='Regular Season'!H28+Postseason!H28 -> 53 | I28: ='Regular Season'!I28+Postseason!I28 -> 40 | J28: ='Regular Season'!J28+Postseason!J28 -> 22 | K28: ='Regular Season'!K28+Postseason!K28 -> 17 | ... R28: ='Regular Season'!R28+Postseason!R28 -> 2 | S28: =if(F28=0, "-", (L28+I28)/(F28+G28)) -> 1.1886792 | T28: =if(F28=0, "-", (K28/(F28+G28))*7) -> 2.245283 | U28: =if(F28=0, "-", 7*(I28/(F28+G28))) -> 5.2830189 | V28: =if(F28=0, "-", 7*(L28/(F28+G28))) -> 3.0377358 | W28: =if(F28=0, "-", 7*(M28/(F28+G28))) -> 5.6792453 | X28: =if(F28=0, "-", 9*(M28/(F28+G28))) -> 7.3018868 | Y28: =if(F28=0, "-", 7*(N28/(F28+G28))) -> 0.13207547 | Z28: =if(M28=0,"-", L28/M28) -> 0.53488372 | AA28: ='Regular Season'!AA28+Postseason!AA28 -> 1
A29: Connor Scoggins (Sr) | B29: ='Regular Season'!B29+Postseason!B29 -> 5 | C29: =IF((O29+P29)=0, "-", O29/(O29+P29)) -> 1 | D29: ='Regular Season'!D29+Postseason!D29 -> 0 | E29: ='Regular Season'!E29+Postseason!E29 -> 0 | F29: ='Regular Season'!F29+Postseason!F29 -> 9 | G29: ='Regular Season'!G29+Postseason!G29 -> 0.33333333 | H29: ='Regular Season'!H29+Postseason!H29 -> 9.1 | I29: ='Regular Season'!I29+Postseason!I29 -> 7 | J29: ='Regular Season'!J29+Postseason!J29 -> 4 | K29: ='Regular Season'!K29+Postseason!K29 -> 2 | ... R29: ='Regular Season'!R29+Postseason!R29 -> 0 | S29: =if(F29=0, "-", (L29+I29)/(F29+G29)) -> 1.7142857 | T29: =if(F29=0, "-", (K29/(F29+G29))*7) -> 1.5 | U29: =if(F29=0, "-", 7*(I29/(F29+G29))) -> 5.25 | V29: =if(F29=0, "-", 7*(L29/(F29+G29))) -> 6.75 | W29: =if(F29=0, "-", 7*(M29/(F29+G29))) -> 3 | X29: =if(F29=0, "-", 9*(M29/(F29+G29))) -> 3.8571429 | Y29: =if(F29=0, "-", 7*(N29/(F29+G29))) -> 0 | Z29: =if(M29=0,"-", L29/M29) -> 2.25 | AA29: ='Regular Season'!AA29+Postseason!AA29 -> 0
A30: Finn O'Keefe (Sr) | B30: ='Regular Season'!B30+Postseason!B30 -> 6 | C30: =IF((O30+P30)=0, "-", O30/(O30+P30)) -> 1 | D30: ='Regular Season'!D30+Postseason!D30 -> 0 | E30: ='Regular Season'!E30+Postseason!E30 -> 0 | F30: ='Regular Season'!F30+Postseason!F30 -> 9 | G30: ='Regular Season'!G30+Postseason!G30 -> 0.66666667 | H30: ='Regular Season'!H30+Postseason!H30 -> 9.2 | I30: ='Regular Season'!I30+Postseason!I30 -> 7 | J30: ='Regular Season'!J30+Postseason!J30 -> 7 | K30: ='Regular Season'!K30+Postseason!K30 -> 6 | ... R30: ='Regular Season'!R30+Postseason!R30 -> 0 | S30: =if(F30=0, "-", (L30+I30)/(F30+G30)) -> 1.7586207 | T30: =if(F30=0, "-", (K30/(F30+G30))*7) -> 4.3448276 | U30: =if(F30=0, "-", 7*(I30/(F30+G30))) -> 5.0689655 | V30: =if(F30=0, "-", 7*(L30/(F30+G30))) -> 7.2413793 | W30: =if(F30=0, "-", 7*(M30/(F30+G30))) -> 7.2413793 | X30: =if(F30=0, "-", 9*(M30/(F30+G30))) -> 9.3103448 | Y30: =if(F30=0, "-", 7*(N30/(F30+G30))) -> 1.4482759 | Z30: =if(M30=0,"-", L30/M30) -> 1 | AA30: ='Regular Season'!AA30+Postseason!AA30 -> 0
A31: Jake Gaerke (Jr) | B31: ='Regular Season'!B31+Postseason!B31 -> 7 | C31: =IF((O31+P31)=0, "-", O31/(O31+P31)) -> 1 | D31: ='Regular Season'!D31+Postseason!D31 -> 0 | E31: ='Regular Season'!E31+Postseason!E31 -> 0 | F31: ='Regular Season'!F31+Postseason!F31 -> 7 | G31: ='Regular Season'!G31+Postseason!G31 -> 0.66666667 | H31: ='Regular Season'!H31+Postseason!H31 -> 7.2 | I31: ='Regular Season'!I31+Postseason!I31 -> 8 | J31: ='Regular Season'!J31+Postseason!J31 -> 8 | K31: ='Regular Season'!K31+Postseason!K31 -> 8 | ... R31: ='Regular Season'!R31+Postseason!R31 -> 0 | S31: =if(F31=0, "-", (L31+I31)/(F31+G31)) -> 1.6956522 | T31: =if(F31=0, "-", (K31/(F31+G31))*7) -> 7.3043478 | U31: =if(F31=0, "-", 7*(I31/(F31+G31))) -> 7.3043478 | V31: =if(F31=0, "-", 7*(L31/(F31+G31))) -> 4.5652174 | W31: =if(F31=0, "-", 7*(M31/(F31+G31))) -> 6.3913043 | X31: =if(F31=0, "-", 9*(M31/(F31+G31))) -> 8.2173913 | Y31: =if(F31=0, "-", 7*(N31/(F31+G31))) -> 0 | Z31: =if(M31=0,"-", L31/M31) -> 0.71428571 | AA31: ='Regular Season'!AA31+Postseason!AA31 -> 0
A32: Joey Watts (Sr) | B32: ='Regular Season'!B32+Postseason!B32 -> 5 | C32: =IF((O32+P32)=0, "-", O32/(O32+P32)) -> 0 | D32: ='Regular Season'!D32+Postseason!D32 -> 0 | E32: ='Regular Season'!E32+Postseason!E32 -> 0 | F32: ='Regular Season'!F32+Postseason!F32 -> 4 | G32: ='Regular Season'!G32+Postseason!G32 -> 0.33333333 | H32: ='Regular Season'!H32+Postseason!H32 -> 4.1 | I32: ='Regular Season'!I32+Postseason!I32 -> 4 | J32: ='Regular Season'!J32+Postseason!J32 -> 11 | K32: ='Regular Season'!K32+Postseason!K32 -> 8 | ... R32: ='Regular Season'!R32+Postseason!R32 -> 0 | S32: =if(F32=0, "-", (L32+I32)/(F32+G32)) -> 3.2307692 | T32: =if(F32=0, "-", (K32/(F32+G32))*7) -> 12.923077 | U32: =if(F32=0, "-", 7*(I32/(F32+G32))) -> 6.4615385 | V32: =if(F32=0, "-", 7*(L32/(F32+G32))) -> 16.153846 | W32: =if(F32=0, "-", 7*(M32/(F32+G32))) -> 6.4615385 | X32: =if(F32=0, "-", 9*(M32/(F32+G32))) -> 8.3076923 | Y32: =if(F32=0, "-", 7*(N32/(F32+G32))) -> 0 | Z32: =if(M32=0,"-", L32/M32) -> 2.5 | AA32: ='Regular Season'!AA32+Postseason!AA32 -> 0
A33: Logan Rosenberger (Sr) | B33: ='Regular Season'!B33+Postseason!B33 -> 3 | C33: =IF((O33+P33)=0, "-", O33/(O33+P33)) -> - | D33: ='Regular Season'!D33+Postseason!D33 -> 1 | E33: ='Regular Season'!E33+Postseason!E33 -> 0 | F33: ='Regular Season'!F33+Postseason!F33 -> 4 | G33: ='Regular Season'!G33+Postseason!G33 -> 0.33333333 | H33: ='Regular Season'!H33+Postseason!H33 -> 4.1 | I33: ='Regular Season'!I33+Postseason!I33 -> 8 | J33: ='Regular Season'!J33+Postseason!J33 -> 7 | K33: ='Regular Season'!K33+Postseason!K33 -> 7 | ... R33: ='Regular Season'!R33+Postseason!R33 -> 0 | S33: =if(F33=0, "-", (L33+I33)/(F33+G33)) -> 3 | T33: =if(F33=0, "-", (K33/(F33+G33))*7) -> 11.307692 | U33: =if(F33=0, "-", 7*(I33/(F33+G33))) -> 12.923077 | V33: =if(F33=0, "-", 7*(L33/(F33+G33))) -> 8.0769231 | W33: =if(F33=0, "-", 7*(M33/(F33+G33))) -> 6.4615385 | X33: =if(F33=0, "-", 9*(M33/(F33+G33))) -> 8.3076923 | Y33: =if(F33=0, "-", 7*(N33/(F33+G33))) -> 0 | Z33: =if(M33=0,"-", L33/M33) -> 1.25 | AA33: ='Regular Season'!AA33+Postseason!AA33 -> 0
A34: Luke Pappano (Sr) | B34: ='Regular Season'!B34+Postseason!B34 -> 9 | C34: =IF((O34+P34)=0, "-", O34/(O34+P34)) -> 1 | D34: ='Regular Season'!D34+Postseason!D34 -> 6 | E34: ='Regular Season'!E34+Postseason!E34 -> 1 | F34: ='Regular Season'!F34+Postseason!F34 -> 31 | G34: ='Regular Season'!G34+Postseason!G34 -> 0.33333333 | H34: ='Regular Season'!H34+Postseason!H34 -> 31.1 | I34: ='Regular Season'!I34+Postseason!I34 -> 17 | J34: ='Regular Season'!J34+Postseason!J34 -> 14 | K34: ='Regular Season'!K34+Postseason!K34 -> 11 | ... R34: ='Regular Season'!R34+Postseason!R34 -> 1 | S34: =if(F34=0, "-", (L34+I34)/(F34+G34)) -> 1.0851064 | T34: =if(F34=0, "-", (K34/(F34+G34))*7) -> 2.4574468 | U34: =if(F34=0, "-", 7*(I34/(F34+G34))) -> 3.7978723 | V34: =if(F34=0, "-", 7*(L34/(F34+G34))) -> 3.7978723 | W34: =if(F34=0, "-", 7*(M34/(F34+G34))) -> 7.1489362 | X34: =if(F34=0, "-", 9*(M34/(F34+G34))) -> 9.1914894 | Y34: =if(F34=0, "-", 7*(N34/(F34+G34))) -> 0 | Z34: =if(M34=0,"-", L34/M34) -> 0.53125 | AA34: ='Regular Season'!AA34+Postseason!AA34 -> 1
A35: Matt Ponatoski (Jr) | B35: ='Regular Season'!B35+Postseason!B35 -> 4 | C35: =IF((O35+P35)=0, "-", O35/(O35+P35)) -> - | D35: ='Regular Season'!D35+Postseason!D35 -> 0 | E35: ='Regular Season'!E35+Postseason!E35 -> 0 | F35: ='Regular Season'!F35+Postseason!F35 -> 4 | G35: ='Regular Season'!G35+Postseason!G35 -> 0 | H35: ='Regular Season'!H35+Postseason!H35 -> 4 | I35: ='Regular Season'!I35+Postseason!I35 -> 1 | J35: ='Regular Season'!J35+Postseason!J35 -> 0 | K35: ='Regular Season'!K35+Postseason!K35 -> 0 | ... R35: ='Regular Season'!R35+Postseason!R35 -> 0 | S35: =if(F35=0, "-", (L35+I35)/(F35+G35)) -> 1 | T35: =if(F35=0, "-", (K35/(F35+G35))*7) -> 0 | U35: =if(F35=0, "-", 7*(I35/(F35+G35))) -> 1.75 | V35: =if(F35=0, "-", 7*(L35/(F35+G35))) -> 5.25 | W35: =if(F35=0, "-", 7*(M35/(F35+G35))) -> 3.5 | X35: =if(F35=0, "-", 9*(M35/(F35+G35))) -> 4.5 | Y35: =if(F35=0, "-", 7*(N35/(F35+G35))) -> 0 | Z35: =if(M35=0,"-", L35/M35) -> 1.5 | AA35: ='Regular Season'!AA35+Postseason!AA35 -> 0
A36: Nathan McDowell (So) | B36: ='Regular Season'!B36+Postseason!B36 -> 3 | C36: =IF((O36+P36)=0, "-", O36/(O36+P36)) -> 1 | D36: ='Regular Season'!D36+Postseason!D36 -> 3 | E36: ='Regular Season'!E36+Postseason!E36 -> 0 | F36: ='Regular Season'!F36+Postseason!F36 -> 13 | G36: ='Regular Season'!G36+Postseason!G36 -> 0.33333333 | H36: ='Regular Season'!H36+Postseason!H36 -> 13.1 | I36: ='Regular Season'!I36+Postseason!I36 -> 6 | J36: ='Regular Season'!J36+Postseason!J36 -> 2 | K36: ='Regular Season'!K36+Postseason!K36 -> 0 | ... R36: ='Regular Season'!R36+Postseason!R36 -> 1 | S36: =if(F36=0, "-", (L36+I36)/(F36+G36)) -> 0.6 | T36: =if(F36=0, "-", (K36/(F36+G36))*7) -> 0 | U36: =if(F36=0, "-", 7*(I36/(F36+G36))) -> 3.15 | V36: =if(F36=0, "-", 7*(L36/(F36+G36))) -> 1.05 | W36: =if(F36=0, "-", 7*(M36/(F36+G36))) -> 8.925 | X36: =if(F36=0, "-", 9*(M36/(F36+G36))) -> 11.475 | Y36: =if(F36=0, "-", 7*(N36/(F36+G36))) -> 0 | Z36: =if(M36=0,"-", L36/M36) -> 0.11764706 | AA36: ='Regular Season'!AA36+Postseason!AA36 -> 0
A37: Noah Goettke (So) | B37: ='Regular Season'!B37+Postseason!B37 -> 0 | C37: =IF((O37+P37)=0, "-", O37/(O37+P37)) -> - | D37: ='Regular Season'!D37+Postseason!D37 -> 0 | E37: ='Regular Season'!E37+Postseason!E37 -> 0 | F37: ='Regular Season'!F37+Postseason!F37 -> 0 | G37: ='Regular Season'!G37+Postseason!G37 -> 0 | H37: ='Regular Season'!H37+Postseason!H37 -> 0 | I37: ='Regular Season'!I37+Postseason!I37 -> 0 | J37: ='Regular Season'!J37+Postseason!J37 -> 0 | K37: ='Regular Season'!K37+Postseason!K37 -> 0 | ... R37: ='Regular Season'!R37+Postseason!R37 -> 0 | S37: =if(F37=0, "-", (L37+I37)/(F37+G37)) -> - | T37: =if(F37=0, "-", (K37/(F37+G37))*7) -> - | U37: =if(F37=0, "-", 7*(I37/(F37+G37))) -> - | V37: =if(F37=0, "-", 7*(L37/(F37+G37))) -> - | W37: =if(F37=0, "-", 7*(M37/(F37+G37))) -> - | X37: =if(F37=0, "-", 9*(M37/(F37+G37))) -> - | Y37: =if(F37=0, "-", 7*(N37/(F37+G37))) -> - | Z37: =if(M37=0,"-", L37/M37) -> - | AA37: ='Regular Season'!AA37+Postseason!AA37 -> 0
A38: Zion Theophilus (Sr) | B38: ='Regular Season'!B38+Postseason!B38 -> 9 | C38: =IF((O38+P38)=0, "-", O38/(O38+P38)) -> 0.71428571 | D38: ='Regular Season'!D38+Postseason!D38 -> 9 | E38: ='Regular Season'!E38+Postseason!E38 -> 2 | F38: ='Regular Season'!F38+Postseason!F38 -> 49 | G38: ='Regular Season'!G38+Postseason!G38 -> 0 | H38: ='Regular Season'!H38+Postseason!H38 -> 49 | I38: ='Regular Season'!I38+Postseason!I38 -> 29 | J38: ='Regular Season'!J38+Postseason!J38 -> 15 | K38: ='Regular Season'!K38+Postseason!K38 -> 14 | ... R38: ='Regular Season'!R38+Postseason!R38 -> 2 | S38: =if(F38=0, "-", (L38+I38)/(F38+G38)) -> 1.0204082 | T38: =if(F38=0, "-", (K38/(F38+G38))*7) -> 2 | U38: =if(F38=0, "-", 7*(I38/(F38+G38))) -> 4.1428571 | V38: =if(F38=0, "-", 7*(L38/(F38+G38))) -> 3 | W38: =if(F38=0, "-", 7*(M38/(F38+G38))) -> 11.857143 | X38: =if(F38=0, "-", 9*(M38/(F38+G38))) -> 15.244898 | Y38: =if(F38=0, "-", 7*(N38/(F38+G38))) -> 0 | Z38: =if(M38=0,"-", L38/M38) -> 0.25301205 | AA38: ='Regular Season'!AA38+Postseason!AA38 -> 0
A39: Totals | C39: =O39/(O39+P39) -> 0.86206897 | D39: =SUM(D26:D38) -> 29 | E39: =SUM(E26:E38) -> 5 | F39: =SUM(F26:F38) -> 190 | G39: =SUM(G26:G38) -> 3.6666667 | H39: =F39+ifs(G39=1/3, 0.1, G39=2/3, 0.2, G39=0, 0, G39=1, 1, G39=4/3, 1.1, G39=5/3, 1.2, G39=2, 2, G39=7/3, 2.1, G39=8/3, 2.2, G39=11/3, 3.2) -> 193.2 | I39: =SUM(I26:I38) -> 131 | J39: =SUM(J26:J38) -> 94 | K39: =SUM(K26:K38) -> 77 | L39: =SUM(L26:L38) -> 111 | M39: =SUM(M26:M38) -> 211 | N39: =SUM(N26:N38) -> 3 | O39: =SUM(O26:O38) -> 25 | P39: =SUM(P26:P38) -> 4 | ... R39: =SUM(R26:R38) -> 6 | S39: =iferror((L39+I39)/(F39+G39), 0) -> 1.2495697 | T39: =iferror((K39/(F39+G39))*7, 0) -> 2.7831325 | U39: =iferror(7*(I39/(F39+G39)), 0) -> 4.7349398 | V39: =iferror(7*(L39/(F39+G39)), 0) -> 4.0120482 | W39: =iferror(7*(M39/(F39+G39)), 0) -> 7.626506 | X39: =iferror(9*(M39/(F39+G39)), 0) -> 9.8055077 | Y39: =iferror(7*(N39/(F39+G39)), 0) -> 0.10843373 | Z39: =iferror(L39/M39, 0) -> 0.52606635 | AA39: =SUM(AA26:AA38) -> 2

Sheet Regular Season
A2: PLAYER | B2: G | C2: PA | D2: AB | E2: RUNS | F2: HITS | G2: RBI | H2: 1B | I2: 2B | J2: 3B | K2: HR | L2: SB | M2: BB | N2: K | O2: HBP | P2: SF | Q2: SH | R2: TB | S2: AVG | T2: OBP | U2: SLG | V2: OPS | W2: Runs Created | X2: BB% | Y2: K% | Z2: BB/K | AA2: AB/HR | AB2: wOBA | AC2: LOB | AD2: CS | AE2: SB% | AF2: ERRORS | AG2: BAbip | AH2: ISO | AI2: PwrSpd
A3: Adam Holstein (Jr) | B3: =COUNTIF('Game Stats'!A:A, A3) -> 4 | C3: =D3+M3+O3+P3+Q3 -> 5 | D3: =sumif('Game Stats'!$A:$A, $A3, 'Game Stats'!B:B) -> 3 | E3: =sumif('Game Stats'!$A:$A, $A3, 'Game Stats'!C:C) -> 3 | F3: =sumif('Game Stats'!$A:$A, $A3, 'Game Stats'!D:D) -> 0 | G3: =sumif('Game Stats'!$A:$A, $A3, 'Game Stats'!E:E) -> 0 | H3: =F3-(I3+J3+K3) -> 0 | I3: =sumif('Game Stats'!$A:$A, $A3, 'Game Stats'!G:G) -> 0 | J3: =sumif('Game Stats'!$A:$A, $A3, 'Game Stats'!H:H) -> 0 | K3: =sumif('Game Stats'!$A:$A, $A3, 'Game Stats'!I:I) -> 0 | L3: =sumif('Game Stats'!$A:$A, $A3, 'Game Stats'!Q:Q) -> 0 | M3: =sumif('Game Stats'!$A:$A, $A3, 'Game Stats'!J:J) -> 1 | N3: =sumif('Game Stats'!$A:$A, $A3, 'Game Stats'!K:K) -> 2 | O3: =sumif('Game Stats'!$A:$A, $A3, 'Game Stats'!N:N) -> 1 | P3: =sumif('Game Stats'!$A:$A, $A3, 'Game Stats'!L:L) -> 0 | Q3: =sumif('Game Stats'!$A:$A, $A3, 'Game Stats'!M:M) -> 0 | R3: =(H3+(2*I3)+(3*J3)+(4*K3)) -> 0 | S3: =iferror(if(C3=0,"-", F3/D3), 0) -> 0 | T3: =if(C3=0, "-", (F3+M3+O3)/(D3+M3+O3+P3)) -> 0.4 | U3: =iferror(if(C3=0, "-", R3/D3), 0) -> 0 | V3: =if(T3="-", "-", T3+U3) -> 0.4 | W3: =if(D3=0,"-", ((F3+M3)*R3)/(D3+M3)) -> 0 | X3: =if(C3=0, "-", M3/C3) -> 0.2 | Y3: =if(C3=0, "-", N3/C3) -> 0.4 | Z3: =ifs(Y3="-", "-", Y3=0, "0", Y3<>0, M3/N3) -> 0.5 | AA3: =IF(K3=0, "-", D3/K3) -> - | AB3: =if(C3=0, "-", ((0.69*M3)+(0.72*O3)+(0.88*H3)+(1.24*I3)+(1.57*J3)+(2*K3))/(D3+M3+O3+P3)) -> 0.282 | AC3: =if(D3=0, "-", sumif('Game Stats'!AD:AD, A3, 'Game Stats'!AC:AC)) -> 6 | AD3: 0 | AE3: =if(L3=0, "-", L3/(L3+AD3)) -> - | AF3: 0 | AG3: =iferror((F3-K3)/(D3-K3-N3+P3), "-") -> 0 | AH3: =iferror((R3-F3)/D3, "-") -> 0 | AI3: =iferror(2*(K3*L3)/(K3+L3), "-") -> -
A4: Adam Maybury (Jr) | B4: =COUNTIF('Game Stats'!A:A, A4) -> 9 | C4: =D4+M4+O4+P4+Q4 -> 16 | D4: =sumif('Game Stats'!$A:$A, $A4, 'Game Stats'!B:B) -> 12 | E4: =sumif('Game Stats'!$A:$A, $A4, 'Game Stats'!C:C) -> 4 | F4: =sumif('Game Stats'!$A:$A, $A4, 'Game Stats'!D:D) -> 2 | G4: =sumif('Game Stats'!$A:$A, $A4, 'Game Stats'!E:E) -> 1 | H4: =F4-(I4+J4+K4) -> 2 | I4: =sumif('Game Stats'!$A:$A, $A4, 'Game Stats'!G:G) -> 0 | J4: =sumif('Game Stats'!$A:$A, $A4, 'Game Stats'!H:H) -> 0 | K4: =sumif('Game Stats'!$A:$A, $A4, 'Game Stats'!I:I) -> 0 | L4: =sumif('Game Stats'!$A:$A, $A4, 'Game Stats'!Q:Q) -> 4 | M4: =sumif('Game Stats'!$A:$A, $A4, 'Game Stats'!J:J) -> 4 | N4: =sumif('Game Stats'!$A:$A, $A4, 'Game Stats'!K:K) -> 3 | O4: =sumif('Game Stats'!$A:$A, $A4, 'Game Stats'!N:N) -> 0 | P4: =sumif('Game Stats'!$A:$A, $A4, 'Game Stats'!L:L) -> 0 | Q4: =sumif('Game Stats'!$A:$A, $A4, 'Game Stats'!M:M) -> 0 | R4: =(H4+(2*I4)+(3*J4)+(4*K4)) -> 2 | S4: =iferror(if(C4=0,"-", F4/D4), 0) -> 0.16666667 | T4: =if(C4=0, "-", (F4+M4+O4)/(D4+M4+O4+P4)) -> 0.375 | U4: =iferror(if(C4=0, "-", R4/D4), 0) -> 0.16666667 | V4: =if(T4="-", "-", T4+U4) -> 0.54166667 | W4: =if(D4=0,"-", ((F4+M4)*R4)/(D4+M4)) -> 0.75 | X4: =if(C4=0, "-", M4/C4) -> 0.25 | Y4: =if(C4=0, "-", N4/C4) -> 0.1875 | Z4: =ifs(Y4="-", "-", Y4=0, "0", Y4<>0, M4/N4) -> 1.3333333 | AA4: =IF(K4=0, "-", D4/K4) -> - | AB4: =if(C4=0, "-", ((0.69*M4)+(0.72*O4)+(0.88*H4)+(1.24*I4)+(1.57*J4)+(2*K4))/(D4+M4+O4+P4)) -> 0.2825 | AC4: =if(D4=0, "-", sumif('Game Stats'!AD:AD, A4, 'Game Stats'!AC:AC)) -> 2 | AD4: 0 | AE4: =if(L4=0, "-", L4/(L4+AD4)) -> 1 | AF4: 0 | AG4: =iferror((F4-K4)/(D4-K4-N4+P4), "-") -> 0.22222222 | AH4: =iferror((R4-F4)/D4, "-") -> 0 | AI4: =iferror(2*(K4*L4)/(K4+L4), "-") -> 0
A5: Brody Foltz (Sr) | B5: =COUNTIF('Game Stats'!A:A, A5) -> 5 | C5: =D5+M5+O5+P5+Q5 -> 5 | D5: =sumif('Game Stats'!$A:$A, $A5, 'Game Stats'!B:B) -> 1 | E5: =sumif('Game Stats'!$A:$A, $A5, 'Game Stats'!C:C) -> 1 | F5: =sumif('Game Stats'!$A:$A, $A5, 'Game Stats'!D:D) -> 0 | G5: =sumif('Game Stats'!$A:$A, $A5, 'Game Stats'!E:E) -> 1 | H5: =F5-(I5+J5+K5) -> 0 | I5: =sumif('Game Stats'!$A:$A, $A5, 'Game Stats'!G:G) -> 0 | J5: =sumif('Game Stats'!$A:$A, $A5, 'Game Stats'!H:H) -> 0 | K5: =sumif('Game Stats'!$A:$A, $A5, 'Game Stats'!I:I) -> 0 | L5: =sumif('Game Stats'!$A:$A, $A5, 'Game Stats'!Q:Q) -> 0 | M5: =sumif('Game Stats'!$A:$A, $A5, 'Game Stats'!J:J) -> 3 | N5: =sumif('Game Stats'!$A:$A, $A5, 'Game Stats'!K:K) -> 1 | O5: =sumif('Game Stats'!$A:$A, $A5, 'Game Stats'!N:N) -> 1 | P5: =sumif('Game Stats'!$A:$A, $A5, 'Game Stats'!L:L) -> 0 | Q5: =sumif('Game Stats'!$A:$A, $A5, 'Game Stats'!M:M) -> 0 | R5: =(H5+(2*I5)+(3*J5)+(4*K5)) -> 0 | S5: =iferror(if(C5=0,"-", F5/D5), 0) -> 0 | T5: =if(C5=0, "-", (F5+M5+O5)/(D5+M5+O5+P5)) -> 0.8 | U5: =iferror(if(C5=0, "-", R5/D5), 0) -> 0 | V5: =if(T5="-", "-", T5+U5) -> 0.8 | W5: =if(D5=0,"-", ((F5+M5)*R5)/(D5+M5)) -> 0 | X5: =if(C5=0, "-", M5/C5) -> 0.6 | Y5: =if(C5=0, "-", N5/C5) -> 0.2 | Z5: =ifs(Y5="-", "-", Y5=0, "0", Y5<>0, M5/N5) -> 3 | AA5: =IF(K5=0, "-", D5/K5) -> - | AB5: =if(C5=0, "-", ((0.69*M5)+(0.72*O5)+(0.88*H5)+(1.24*I5)+(1.57*J5)+(2*K5))/(D5+M5+O5+P5)) -> 0.558 | AC5: =if(D5=0, "-", sumif('Game Stats'!AD:AD, A5, 'Game Stats'!AC:AC)) -> 0 | AD5: 0 | AE5: =if(L5=0, "-", L5/(L5+AD5)) -> - | AF5: 0 | AG5: =iferror((F5-K5)/(D5-K5-N5+P5), "-") -> - | AH5: =iferror((R5-F5)/D5, "-") -> 0 | AI5: =iferror(2*(K5*L5)/(K5+L5), "-") -> -
A6: Carter Christenson (Sr) | B6: =COUNTIF('Game Stats'!A:A, A6) -> 24 | C6: =D6+M6+O6+P6+Q6 -> 87 | D6: =sumif('Game Stats'!$A:$A, $A6, 'Game Stats'!B:B) -> 66 | E6: =sumif('Game Stats'!$A:$A, $A6, 'Game Stats'!C:C) -> 24 | F6: =sumif('Game Stats'!$A:$A, $A6, 'Game Stats'!D:D) -> 24 | G6: =sumif('Game Stats'!$A:$A, $A6, 'Game Stats'!E:E) -> 20 | H6: =F6-(I6+J6+K6) -> 17 | I6: =sumif('Game Stats'!$A:$A, $A6, 'Game Stats'!G:G) -> 0 | J6: =sumif('Game Stats'!$A:$A, $A6, 'Game Stats'!H:H) -> 6 | K6: =sumif('Game Stats'!$A:$A, $A6, 'Game Stats'!I:I) -> 1 | L6: =sumif('Game Stats'!$A:$A, $A6, 'Game Stats'!Q:Q) -> 17 | M6: =sumif('Game Stats'!$A:$A, $A6, 'Game Stats'!J:J) -> 18 | N6: =sumif('Game Stats'!$A:$A, $A6, 'Game Stats'!K:K) -> 18 | O6: =sumif('Game Stats'!$A:$A, $A6, 'Game Stats'!N:N) -> 2 | P6: =sumif('Game Stats'!$A:$A, $A6, 'Game Stats'!L:L) -> 1 | Q6: =sumif('Game Stats'!$A:$A, $A6, 'Game Stats'!M:M) -> 0 | R6: =(H6+(2*I6)+(3*J6)+(4*K6)) -> 39 | S6: =iferror(if(C6=0,"-", F6/D6), 0) -> 0.36363636 | T6: =if(C6=0, "-", (F6+M6+O6)/(D6+M6+O6+P6)) -> 0.50574713 | U6: =iferror(if(C6=0, "-", R6/D6), 0) -> 0.59090909 | V6: =if(T6="-", "-", T6+U6) -> 1.0966562 | W6: =if(D6=0,"-", ((F6+M6)*R6)/(D6+M6)) -> 19.5 | X6: =if(C6=0, "-", M6/C6) -> 0.20689655 | Y6: =if(C6=0, "-", N6/C6) -> 0.20689655 | Z6: =ifs(Y6="-", "-", Y6=0, "0", Y6<>0, M6/N6) -> 1 | AA6: =IF(K6=0, "-", D6/K6) -> 66 | AB6: =if(C6=0, "-", ((0.69*M6)+(0.72*O6)+(0.88*H6)+(1.24*I6)+(1.57*J6)+(2*K6))/(D6+M6+O6+P6)) -> 0.46252874 | AC6: =if(D6=0, "-", sumif('Game Stats'!AD:AD, A6, 'Game Stats'!AC:AC)) -> 23 | AD6: 2 | AE6: =if(L6=0, "-", L6/(L6+AD6)) -> 0.89473684 | AF6: 3 | AG6: =iferror((F6-K6)/(D6-K6-N6+P6), "-") -> 0.47916667 | AH6: =iferror((R6-F6)/D6, "-") -> 0.22727273 | AI6: =iferror(2*(K6*L6)/(K6+L6), "-") -> 1.8888889
A7: Charlie Valencic (Sr) | B7: =COUNTIF('Game Stats'!A:A, A7) -> 23 | C7: =D7+M7+O7+P7+Q7 -> 64 | D7: =sumif('Game Stats'!$A:$A, $A7, 'Game Stats'!B:B) -> 50 | E7: =sumif('Game Stats'!$A:$A, $A7, 'Game Stats'!C:C) -> 15 | F7: =sumif('Game Stats'!$A:$A, $A7, 'Game Stats'!D:D) -> 14 | G7: =sumif('Game Stats'!$A:$A, $A7, 'Game Stats'!E:E) -> 16 | H7: =F7-(I7+J7+K7) -> 9 | I7: =sumif('Game Stats'!$A:$A, $A7, 'Game Stats'!G:G) -> 3 | J7: =sumif('Game Stats'!$A:$A, $A7, 'Game Stats'!H:H) -> 2 | K7: =sumif('Game Stats'!$A:$A, $A7, 'Game Stats'!I:I) -> 0 | L7: =sumif('Game Stats'!$A:$A, $A7, 'Game Stats'!Q:Q) -> 5 | M7: =sumif('Game Stats'!$A:$A, $A7, 'Game Stats'!J:J) -> 11 | N7: =sumif('Game Stats'!$A:$A, $A7, 'Game Stats'!K:K) -> 8 | O7: =sumif('Game Stats'!$A:$A, $A7, 'Game Stats'!N:N) -> 0 | P7: =sumif('Game Stats'!$A:$A, $A7, 'Game Stats'!L:L) -> 1 | Q7: =sumif('Game Stats'!$A:$A, $A7, 'Game Stats'!M:M) -> 2 | R7: =(H7+(2*I7)+(3*J7)+(4*K7)) -> 21 | S7: =iferror(if(C7=0,"-", F7/D7), 0) -> 0.28 | T7: =if(C7=0, "-", (F7+M7+O7)/(D7+M7+O7+P7)) -> 0.40322581 | U7: =iferror(if(C7=0, "-", R7/D7), 0) -> 0.42 | V7: =if(T7="-", "-", T7+U7) -> 0.82322581 | W7: =if(D7=0,"-", ((F7+M7)*R7)/(D7+M7)) -> 8.6065574 | X7: =if(C7=0, "-", M7/C7) -> 0.171875 | Y7: =if(C7=0, "-", N7/C7) -> 0.125 | Z7: =ifs(Y7="-", "-", Y7=0, "0", Y7<>0, M7/N7) -> 1.375 | AA7: =IF(K7=0, "-", D7/K7) -> - | AB7: =if(C7=0, "-", ((0.69*M7)+(0.72*O7)+(0.88*H7)+(1.24*I7)+(1.57*J7)+(2*K7))/(D7+M7+O7+P7)) -> 0.36080645 | AC7: =if(D7=0, "-", sumif('Game Stats'!AD:AD, A7, 'Game Stats'!AC:AC)) -> 14 | AD7: 3 | AE7: =if(L7=0, "-", L7/(L7+AD7)) -> 0.625 | AF7: 4 | AG7: =iferror((F7-K7)/(D7-K7-N7+P7), "-") -> 0.3255814 | AH7: =iferror((R7-F7)/D7, "-") -> 0.14 | AI7: =iferror(2*(K7*L7)/(K7+L7), "-") -> 0
A8: Conner Cuozzo (Jr) | B8: =COUNTIF('Game Stats'!A:A, A8) -> 24 | C8: =D8+M8+O8+P8+Q8 -> 84 | D8: =sumif('Game Stats'!$A:$A, $A8, 'Game Stats'!B:B) -> 74 | E8: =sumif('Game Stats'!$A:$A, $A8, 'Game Stats'!C:C) -> 22 | F8: =sumif('Game Stats'!$A:$A, $A8, 'Game Stats'!D:D) -> 30 | G8: =sumif('Game Stats'!$A:$A, $A8, 'Game Stats'!E:E) -> 30 | H8: =F8-(I8+J8+K8) -> 16 | I8: =sumif('Game Stats'!$A:$A, $A8, 'Game Stats'!G:G) -> 6 | J8: =sumif('Game Stats'!$A:$A, $A8, 'Game Stats'!H:H) -> 1 | K8: =sumif('Game Stats'!$A:$A, $A8, 'Game Stats'!I:I) -> 7 | L8: =sumif('Game Stats'!$A:$A, $A8, 'Game Stats'!Q:Q) -> 9 | M8: =sumif('Game Stats'!$A:$A, $A8, 'Game Stats'!J:J) -> 10 | N8: =sumif('Game Stats'!$A:$A, $A8, 'Game Stats'!K:K) -> 19 | O8: =sumif('Game Stats'!$A:$A, $A8, 'Game Stats'!N:N) -> 0 | P8: =sumif('Game Stats'!$A:$A, $A8, 'Game Stats'!L:L) -> 0 | Q8: =sumif('Game Stats'!$A:$A, $A8, 'Game Stats'!M:M) -> 0 | R8: =(H8+(2*I8)+(3*J8)+(4*K8)) -> 59 | S8: =iferror(if(C8=0,"-", F8/D8), 0) -> 0.40540541 | T8: =if(C8=0, "-", (F8+M8+O8)/(D8+M8+O8+P8)) -> 0.47619048 | U8: =iferror(if(C8=0, "-", R8/D8), 0) -> 0.7972973 | V8: =if(T8="-", "-", T8+U8) -> 1.2734878 | W8: =if(D8=0,"-", ((F8+M8)*R8)/(D8+M8)) -> 28.095238 | X8: =if(C8=0, "-", M8/C8) -> 0.11904762 | Y8: =if(C8=0, "-", N8/C8) -> 0.22619048 | Z8: =ifs(Y8="-", "-", Y8=0, "0", Y8<>0, M8/N8) -> 0.52631579 | AA8: =IF(K8=0, "-", D8/K8) -> 10.571429 | AB8: =if(C8=0, "-", ((0.69*M8)+(0.72*O8)+(0.88*H8)+(1.24*I8)+(1.57*J8)+(2*K8))/(D8+M8+O8+P8)) -> 0.52369048 | AC8: =if(D8=0, "-", sumif('Game Stats'!AD:AD, A8, 'Game Stats'!AC:AC)) -> 14 | AD8: 3 | AE8: =if(L8=0, "-", L8/(L8+AD8)) -> 0.75 | AF8: 1 | AG8: =iferror((F8-K8)/(D8-K8-N8+P8), "-") -> 0.47916667 | AH8: =iferror((R8-F8)/D8, "-") -> 0.39189189 | AI8: =iferror(2*(K8*L8)/(K8+L8), "-") -> 7.875
A9: Cooper Ridley (Sr) | B9: =COUNTIF('Game Stats'!A:A, A9) -> 24 | C9: =D9+M9+O9+P9+Q9 -> 77 | D9: =sumif('Game Stats'!$A:$A, $A9, 'Game Stats'!B:B) -> 65 | E9: =sumif('Game Stats'!$A:$A, $A9, 'Game Stats'!C:C) -> 19 | F9: =sumif('Game Stats'!$A:$A, $A9, 'Game Stats'!D:D) -> 21 | G9: =sumif('Game Stats'!$A:$A, $A9, 'Game Stats'!E:E) -> 20 | H9: =F9-(I9+J9+K9) -> 11 | I9: =sumif('Game Stats'!$A:$A, $A9, 'Game Stats'!G:G) -> 3 | J9: =sumif('Game Stats'!$A:$A, $A9, 'Game Stats'!H:H) -> 4 | K9: =sumif('Game Stats'!$A:$A, $A9, 'Game Stats'!I:I) -> 3 | L9: =sumif('Game Stats'!$A:$A, $A9, 'Game Stats'!Q:Q) -> 13 | M9: =sumif('Game Stats'!$A:$A, $A9, 'Game Stats'!J:J) -> 11 | N9: =sumif('Game Stats'!$A:$A, $A9, 'Game Stats'!K:K) -> 22 | O9: =sumif('Game Stats'!$A:$A, $A9, 'Game Stats'!N:N) -> 1 | P9: =sumif('Game Stats'!$A:$A, $A9, 'Game Stats'!L:L) -> 0 | Q9: =sumif('Game Stats'!$A:$A, $A9, 'Game Stats'!M:M) -> 0 | R9: =(H9+(2*I9)+(3*J9)+(4*K9)) -> 41 | S9: =iferror(if(C9=0,"-", F9/D9), 0) -> 0.32307692 | T9: =if(C9=0, "-", (F9+M9+O9)/(D9+M9+O9+P9)) -> 0.42857143 | U9: =iferror(if(C9=0, "-", R9/D9), 0) -> 0.63076923 | V9: =if(T9="-", "-", T9+U9) -> 1.0593407 | W9: =if(D9=0,"-", ((F9+M9)*R9)/(D9+M9)) -> 17.263158 | X9: =if(C9=0, "-", M9/C9) -> 0.14285714 | Y9: =if(C9=0, "-", N9/C9) -> 0.28571429 | Z9: =ifs(Y9="-", "-", Y9=0, "0", Y9<>0, M9/N9) -> 0.5 | AA9: =IF(K9=0, "-", D9/K9) -> 21.666667 | AB9: =if(C9=0, "-", ((0.69*M9)+(0.72*O9)+(0.88*H9)+(1.24*I9)+(1.57*J9)+(2*K9))/(D9+M9+O9+P9)) -> 0.44142857 | AC9: =if(D9=0, "-", sumif('Game Stats'!AD:AD, A9, 'Game Stats'!AC:AC)) -> 11 | AD9: 1 | AE9: =if(L9=0, "-", L9/(L9+AD9)) -> 0.92857143 | AF9: 0 | AG9: =iferror((F9-K9)/(D9-K9-N9+P9), "-") -> 0.45 | AH9: =iferror((R9-F9)/D9, "-") -> 0.30769231 | AI9: =iferror(2*(K9*L9)/(K9+L9), "-") -> 4.875
A10: Donovan Glosser (So) | B10: =COUNTIF('Game Stats'!A:A, A10) -> 18 | C10: =D10+M10+O10+P10+Q10 -> 50 | D10: =sumif('Game Stats'!$A:$A, $A10, 'Game Stats'!B:B) -> 37 | E10: =sumif('Game Stats'!$A:$A, $A10, 'Game Stats'!C:C) -> 9 | F10: =sumif('Game Stats'!$A:$A, $A10, 'Game Stats'!D:D) -> 7 | G10: =sumif('Game Stats'!$A:$A, $A10, 'Game Stats'!E:E) -> 5 | H10: =F10-(I10+J10+K10) -> 6 | I10: =sumif('Game Stats'!$A:$A, $A10, 'Game Stats'!G:G) -> 1 | J10: =sumif('Game Stats'!$A:$A, $A10, 'Game Stats'!H:H) -> 0 | K10: =sumif('Game Stats'!$A:$A, $A10, 'Game Stats'!I:I) -> 0 | L10: =sumif('Game Stats'!$A:$A, $A10, 'Game Stats'!Q:Q) -> 8 | M10: =sumif('Game Stats'!$A:$A, $A10, 'Game Stats'!J:J) -> 10 | N10: =sumif('Game Stats'!$A:$A, $A10, 'Game Stats'!K:K) -> 10 | O10: =sumif('Game Stats'!$A:$A, $A10, 'Game Stats'!N:N) -> 1 | P10: =sumif('Game Stats'!$A:$A, $A10, 'Game Stats'!L:L) -> 0 | Q10: =sumif('Game Stats'!$A:$A, $A10, 'Game Stats'!M:M) -> 2 | R10: =(H10+(2*I10)+(3*J10)+(4*K10)) -> 8 | S10: =iferror(if(C10=0,"-", F10/D10), 0) -> 0.18918919 | T10: =if(C10=0, "-", (F10+M10+O10)/(D10+M10+O10+P10)) -> 0.375 | U10: =iferror(if(C10=0, "-", R10/D10), 0) -> 0.21621622 | V10: =if(T10="-", "-", T10+U10) -> 0.59121622 | W10: =if(D10=0,"-", ((F10+M10)*R10)/(D10+M10)) -> 2.893617 | X10: =if(C10=0, "-", M10/C10) -> 0.2 | Y10: =if(C10=0, "-", N10/C10) -> 0.2 | Z10: =ifs(Y10="-", "-", Y10=0, "0", Y10<>0, M10/N10) -> 1 | AA10: =IF(K10=0, "-", D10/K10) -> - | AB10: =if(C10=0, "-", ((0.69*M10)+(0.72*O10)+(0.88*H10)+(1.24*I10)+(1.57*J10)+(2*K10))/(D10+M10+O10+P10)) -> 0.29458333 | AC10: =if(D10=0, "-", sumif('Game Stats'!AD:AD, A10, 'Game Stats'!AC:AC)) -> 6 | AD10: 0 | AE10: =if(L10=0, "-", L10/(L10+AD10)) -> 1 | AF10: 1 | AG10: =iferror((F10-K10)/(D10-K10-N10+P10), "-") -> 0.25925926 | AH10: =iferror((R10-F10)/D10, "-") -> 0.027027027 | AI10: =iferror(2*(K10*L10)/(K10+L10), "-") -> 0
A11: Griffin Booth (Sr) | B11: =COUNTIF('Game Stats'!A:A, A11) -> 9 | C11: =D11+M11+O11+P11+Q11 -> 24 | D11: =sumif('Game Stats'!$A:$A, $A11, 'Game Stats'!B:B) -> 18 | E11: =sumif('Game Stats'!$A:$A, $A11, 'Game Stats'!C:C) -> 5 | F11: =sumif('Game Stats'!$A:$A, $A11, 'Game Stats'!D:D) -> 3 | G11: =sumif('Game Stats'!$A:$A, $A11, 'Game Stats'!E:E) -> 3 | H11: =F11-(I11+J11+K11) -> 2 | I11: =sumif('Game Stats'!$A:$A, $A11, 'Game Stats'!G:G) -> 1 | J11: =sumif('Game Stats'!$A:$A, $A11, 'Game Stats'!H:H) -> 0 | K11: =sumif('Game Stats'!$A:$A, $A11, 'Game Stats'!I:I) -> 0 | L11: =sumif('Game Stats'!$A:$A, $A11, 'Game Stats'!Q:Q) -> 0 | M11: =sumif('Game Stats'!$A:$A, $A11, 'Game Stats'!J:J) -> 4 | N11: =sumif('Game Stats'!$A:$A, $A11, 'Game Stats'!K:K) -> 4 | O11: =sumif('Game Stats'!$A:$A, $A11, 'Game Stats'!N:N) -> 0 | P11: =sumif('Game Stats'!$A:$A, $A11, 'Game Stats'!L:L) -> 0 | Q11: =sumif('Game Stats'!$A:$A, $A11, 'Game Stats'!M:M) -> 2 | R11: =(H11+(2*I11)+(3*J11)+(4*K11)) -> 4 | S11: =iferror(if(C11=0,"-", F11/D11), 0) -> 0.16666667 | T11: =if(C11=0, "-", (F11+M11+O11)/(D11+M11+O11+P11)) -> 0.31818182 | U11: =iferror(if(C11=0, "-", R11/D11), 0) -> 0.22222222 | V11: =if(T11="-", "-", T11+U11) -> 0.54040404 | W11: =if(D11=0,"-", ((F11+M11)*R11)/(D11+M11)) -> 1.2727273 | X11: =if(C11=0, "-", M11/C11) -> 0.16666667 | Y11: =if(C11=0, "-", N11/C11) -> 0.16666667 | Z11: =ifs(Y11="-", "-", Y11=0, "0", Y11<>0, M11/N11) -> 1 | AA11: =IF(K11=0, "-", D11/K11) -> - | AB11: =if(C11=0, "-", ((0.69*M11)+(0.72*O11)+(0.88*H11)+(1.24*I11)+(1.57*J11)+(2*K11))/(D11+M11+O11+P11)) -> 0.26181818 | AC11: =if(D11=0, "-", sumif('Game Stats'!AD:AD, A11, 'Game Stats'!AC:AC)) -> 2 | AD11: 0 | AE11: =if(L11=0, "-", L11/(L11+AD11)) -> - | AF11: 1 | AG11: =iferror((F11-K11)/(D11-K11-N11+P11), "-") -> 0.21428571 | AH11: =iferror((R11-F11)/D11, "-") -> 0.055555556 | AI11: =iferror(2*(K11*L11)/(K11+L11), "-") -> -
A12: Jackson Porta (Sr) | B12: =COUNTIF('Game Stats'!A:A, A12) -> 23 | C12: =D12+M12+O12+P12+Q12 -> 68 | D12: =sumif('Game Stats'!$A:$A, $A12, 'Game Stats'!B:B) -> 57 | E12: =sumif('Game Stats'!$A:$A, $A12, 'Game Stats'!C:C) -> 11 | F12: =sumif('Game Stats'!$A:$A, $A12, 'Game Stats'!D:D) -> 16 | G12: =sumif('Game Stats'!$A:$A, $A12, 'Game Stats'!E:E) -> 16 | H12: =F12-(I12+J12+K12) -> 10 | I12: =sumif('Game Stats'!$A:$A, $A12, 'Game Stats'!G:G) -> 5 | J12: =sumif('Game Stats'!$A:$A, $A12, 'Game Stats'!H:H) -> 1 | K12: =sumif('Game Stats'!$A:$A, $A12, 'Game Stats'!I:I) -> 0 | L12: =sumif('Game Stats'!$A:$A, $A12, 'Game Stats'!Q:Q) -> 10 | M12: =sumif('Game Stats'!$A:$A, $A12, 'Game Stats'!J:J) -> 9 | N12: =sumif('Game Stats'!$A:$A, $A12, 'Game Stats'!K:K) -> 11 | O12: =sumif('Game Stats'!$A:$A, $A12, 'Game Stats'!N:N) -> 0 | P12: =sumif('Game Stats'!$A:$A, $A12, 'Game Stats'!L:L) -> 2 | Q12: =sumif('Game Stats'!$A:$A, $A12, 'Game Stats'!M:M) -> 0 | R12: =(H12+(2*I12)+(3*J12)+(4*K12)) -> 23 | S12: =iferror(if(C12=0,"-", F12/D12), 0) -> 0.28070175 | T12: =if(C12=0, "-", (F12+M12+O12)/(D12+M12+O12+P12)) -> 0.36764706 | U12: =iferror(if(C12=0, "-", R12/D12), 0) -> 0.40350877 | V12: =if(T12="-", "-", T12+U12) -> 0.77115583 | W12: =if(D12=0,"-", ((F12+M12)*R12)/(D12+M12)) -> 8.7121212 | X12: =if(C12=0, "-", M12/C12) -> 0.13235294 | Y12: =if(C12=0, "-", N12/C12) -> 0.16176471 | Z12: =ifs(Y12="-", "-", Y12=0, "0", Y12<>0, M12/N12) -> 0.81818182 | AA12: =IF(K12=0, "-", D12/K12) -> - | AB12: =if(C12=0, "-", ((0.69*M12)+(0.72*O12)+(0.88*H12)+(1.24*I12)+(1.57*J12)+(2*K12))/(D12+M12+O12+P12)) -> 0.335 | AC12: =if(D12=0, "-", sumif('Game Stats'!AD:AD, A12, 'Game Stats'!AC:AC)) -> 16 | AD12: 1 | AE12: =if(L12=0, "-", L12/(L12+AD12)) -> 0.90909091 | AF12: 0 | AG12: =iferror((F12-K12)/(D12-K12-N12+P12), "-") -> 0.33333333 | AH12: =iferror((R12-F12)/D12, "-") -> 0.12280702 | AI12: =iferror(2*(K12*L12)/(K12+L12), "-") -> 0
A13: Jake Bell (Sr) | B13: =COUNTIF('Game Stats'!A:A, A13) -> 14 | C13: =D13+M13+O13+P13+Q13 -> 42 | D13: =sumif('Game Stats'!$A:$A, $A13, 'Game Stats'!B:B) -> 28 | E13: =sumif('Game Stats'!$A:$A, $A13, 'Game Stats'!C:C) -> 12 | F13: =sumif('Game Stats'!$A:$A, $A13, 'Game Stats'!D:D) -> 10 | G13: =sumif('Game Stats'!$A:$A, $A13, 'Game Stats'!E:E) -> 6 | H13: =F13-(I13+J13+K13) -> 7 | I13: =sumif('Game Stats'!$A:$A, $A13, 'Game Stats'!G:G) -> 2 | J13: =sumif('Game Stats'!$A:$A, $A13, 'Game Stats'!H:H) -> 1 | K13: =sumif('Game Stats'!$A:$A, $A13, 'Game Stats'!I:I) -> 0 | L13: =sumif('Game Stats'!$A:$A, $A13, 'Game Stats'!Q:Q) -> 5 | M13: =sumif('Game Stats'!$A:$A, $A13, 'Game Stats'!J:J) -> 9 | N13: =sumif('Game Stats'!$A:$A, $A13, 'Game Stats'!K:K) -> 9 | O13: =sumif('Game Stats'!$A:$A, $A13, 'Game Stats'!N:N) -> 1 | P13: =sumif('Game Stats'!$A:$A, $A13, 'Game Stats'!L:L) -> 0 | Q13: =sumif('Game Stats'!$A:$A, $A13, 'Game Stats'!M:M) -> 4 | R13: =(H13+(2*I13)+(3*J13)+(4*K13)) -> 14 | S13: =iferror(if(C13=0,"-", F13/D13), 0) -> 0.35714286 | T13: =if(C13=0, "-", (F13+M13+O13)/(D13+M13+O13+P13)) -> 0.52631579 | U13: =iferror(if(C13=0, "-", R13/D13), 0) -> 0.5 | V13: =if(T13="-", "-", T13+U13) -> 1.0263158 | W13: =if(D13=0,"-", ((F13+M13)*R13)/(D13+M13)) -> 7.1891892 | X13: =if(C13=0, "-", M13/C13) -> 0.21428571 | Y13: =if(C13=0, "-", N13/C13) -> 0.21428571 | Z13: =ifs(Y13="-", "-", Y13=0, "0", Y13<>0, M13/N13) -> 1 | AA13: =IF(K13=0, "-", D13/K13) -> - | AB13: =if(C13=0, "-", ((0.69*M13)+(0.72*O13)+(0.88*H13)+(1.24*I13)+(1.57*J13)+(2*K13))/(D13+M13+O13+P13)) -> 0.45105263 | AC13: =if(D13=0, "-", sumif('Game Stats'!AD:AD, A13, 'Game Stats'!AC:AC)) -> 9 | AD13: 0 | AE13: =if(L13=0, "-", L13/(L13+AD13)) -> 1 | AF13: 1 | AG13: =iferror((F13-K13)/(D13-K13-N13+P13), "-") -> 0.52631579 | AH13: =iferror((R13-F13)/D13, "-") -> 0.14285714 | AI13: =iferror(2*(K13*L13)/(K13+L13), "-") -> 0
A14: Jovan Love (Sr) | B14: =COUNTIF('Game Stats'!A:A, A14) -> 22 | C14: =D14+M14+O14+P14+Q14 -> 74 | D14: =sumif('Game Stats'!$A:$A, $A14, 'Game Stats'!B:B) -> 56 | E14: =sumif('Game Stats'!$A:$A, $A14, 'Game Stats'!C:C) -> 25 | F14: =sumif('Game Stats'!$A:$A, $A14, 'Game Stats'!D:D) -> 22 | G14: =sumif('Game Stats'!$A:$A, $A14, 'Game Stats'!E:E) -> 20 | H14: =F14-(I14+J14+K14) -> 14 | I14: =sumif('Game Stats'!$A:$A, $A14, 'Game Stats'!G:G) -> 4 | J14: =sumif('Game Stats'!$A:$A, $A14, 'Game Stats'!H:H) -> 0 | K14: =sumif('Game Stats'!$A:$A, $A14, 'Game Stats'!I:I) -> 4 | L14: =sumif('Game Stats'!$A:$A, $A14, 'Game Stats'!Q:Q) -> 15 | M14: =sumif('Game Stats'!$A:$A, $A14, 'Game Stats'!J:J) -> 12 | N14: =sumif('Game Stats'!$A:$A, $A14, 'Game Stats'!K:K) -> 15 | O14: =sumif('Game Stats'!$A:$A, $A14, 'Game Stats'!N:N) -> 3 | P14: =sumif('Game Stats'!$A:$A, $A14, 'Game Stats'!L:L) -> 3 | Q14: =sumif('Game Stats'!$A:$A, $A14, 'Game Stats'!M:M) -> 0 | R14: =(H14+(2*I14)+(3*J14)+(4*K14)) -> 38 | S14: =iferror(if(C14=0,"-", F14/D14), 0) -> 0.39285714 | T14: =if(C14=0, "-", (F14+M14+O14)/(D14+M14+O14+P14)) -> 0.5 | U14: =iferror(if(C14=0, "-", R14/D14), 0) -> 0.67857143 | V14: =if(T14="-", "-", T14+U14) -> 1.1785714 | W14: =if(D14=0,"-", ((F14+M14)*R14)/(D14+M14)) -> 19 | X14: =if(C14=0, "-", M14/C14) -> 0.16216216 | Y14: =if(C14=0, "-", N14/C14) -> 0.2027027 | Z14: =ifs(Y14="-", "-", Y14=0, "0", Y14<>0, M14/N14) -> 0.8 | AA14: =IF(K14=0, "-", D14/K14) -> 14 | AB14: =if(C14=0, "-", ((0.69*M14)+(0.72*O14)+(0.88*H14)+(1.24*I14)+(1.57*J14)+(2*K14))/(D14+M14+O14+P14)) -> 0.4827027 | AC14: =if(D14=0, "-", sumif('Game Stats'!AD:AD, A14, 'Game Stats'!AC:AC)) -> 16 | AD14: 0 | AE14: =if(L14=0, "-", L14/(L14+AD14)) -> 1 | AF14: 1 | AG14: =iferror((F14-K14)/(D14-K14-N14+P14), "-") -> 0.45 | AH14: =iferror((R14-F14)/D14, "-") -> 0.28571429 | AI14: =iferror(2*(K14*L14)/(K14+L14), "-") -> 6.3157895
... A21: Will Schirmer (Sr) | B21: =COUNTIF('Game Stats'!A:A, A21) -> 13 | C21: =D21+M21+O21+P21+Q21 -> 26 | D21: =sumif('Game Stats'!$A:$A, $A21, 'Game Stats'!B:B) -> 20 | E21: =sumif('Game Stats'!$A:$A, $A21, 'Game Stats'!C:C) -> 10 | F21: =sumif('Game Stats'!$A:$A, $A21, 'Game Stats'!D:D) -> 9 | G21: =sumif('Game Stats'!$A:$A, $A21, 'Game Stats'!E:E) -> 8 | H21: =F21-(I21+J21+K21) -> 8 | I21: =sumif('Game Stats'!$A:$A, $A21, 'Game Stats'!G:G) -> 0 | J21: =sumif('Game Stats'!$A:$A, $A21, 'Game Stats'!H:H) -> 1 | K21: =sumif('Game Stats'!$A:$A, $A21, 'Game Stats'!I:I) -> 0 | L21: =sumif('Game Stats'!$A:$A, $A21, 'Game Stats'!Q:Q) -> 3 | M21: =sumif('Game Stats'!$A:$A, $A21, 'Game Stats'!J:J) -> 4 | N21: =sumif('Game Stats'!$A:$A, $A21, 'Game Stats'!K:K) -> 2 | O21: =sumif('Game Stats'!$A:$A, $A21, 'Game Stats'!N:N) -> 0 | P21: =sumif('Game Stats'!$A:$A, $A21, 'Game Stats'!L:L) -> 2 | Q21: =sumif('Game Stats'!$A:$A, $A21, 'Game Stats'!M:M) -> 0 | R21: =(H21+(2*I21)+(3*J21)+(4*K21)) -> 11 | S21: =iferror(if(C21=0,"-", F21/D21), 0) -> 0.45 | T21: =if(C21=0, "-", (F21+M21+O21)/(D21+M21+O21+P21)) -> 0.5 | U21: =iferror(if(C21=0, "-", R21/D21), 0) -> 0.55 | V21: =if(T21="-", "-", T21+U21) -> 1.05 | W21: =if(D21=0,"-", ((F21+M21)*R21)/(D21+M21)) -> 5.9583333 | X21: =if(C21=0, "-", M21/C21) -> 0.15384615 | Y21: =if(C21=0, "-", N21/C21) -> 0.076923077 | Z21: =ifs(Y21="-", "-", Y21=0, "0", Y21<>0, M21/N21) -> 2 | AA21: =IF(K21=0, "-", D21/K21) -> - | AB21: =if(C21=0, "-", ((0.69*M21)+(0.72*O21)+(0.88*H21)+(1.24*I21)+(1.57*J21)+(2*K21))/(D21+M21+O21+P21)) -> 0.43730769 | AC21: =if(D21=0, "-", sumif('Game Stats'!AD:AD, A21, 'Game Stats'!AC:AC)) -> 1 | AD21: 1 | AE21: =if(L21=0, "-", L21/(L21+AD21)) -> 0.75 | AF21: 0 | AG21: =iferror((F21-K21)/(D21-K21-N21+P21), "-") -> 0.45 | AH21: =iferror((R21-F21)/D21, "-") -> 0.1 | AI21: =iferror(2*(K21*L21)/(K21+L21), "-") -> 0
A22: Totals | C22: =sum(C3:C21) -> 831 | D22: =sum(D3:D21) -> 653 | E22: =sum(E3:E21) -> 222 | F22: =sum(F3:F21) -> 227 | G22: =sum(G3:G21) -> 195 | H22: =F22-(I22+J22+K22) -> 155 | I22: =sum(I3:I21) -> 36 | J22: =sum(J3:J21) -> 19 | K22: =sum(K3:K21) -> 17 | L22: =sum(L3:L21) -> 115 | M22: =sum(M3:M21) -> 137 | N22: =sum(N3:N21) -> 154 | O22: =sum(O3:O21) -> 17 | P22: =sum(P3:P21) -> 13 | Q22: =sum(Q3:Q21) -> 11 | R22: =(H22+(2*I22)+(3*J22)+(4*K22)) -> 352 | S22: =iferror(F22/D22, 0) -> 0.34762634 | T22: =iferror((F22+M22+O22)/(D22+M22+O22+P22), 0) -> 0.46463415 | U22: =iferror(R22/D22, 0) -> 0.53905054 | V22: =T22+U22 -> 1.0036847 | W22: =iferror(((F22+M22)*R22)/(D22+M22), 0) -> 162.18734 | X22: =iferror(M22/C22, 0) -> 0.16486161 | Y22: =iferror(N22/C22, 0) -> 0.18531889 | Z22: =ifs(Y22="-", "-", Y22=0, "0", Y22<>0, M22/N22) -> 0.88961039 | AA22: =IF(K22=0, "-", D22/K22) -> 38.411765 | AB22: =if(D22=0, "-", ((0.69*M22)+(0.72*O22)+(0.88*H22)+(1.24*I22)+(1.57*J22)+(2*K22))/(D22+M22+O22+P22)) -> 0.42882927 | AC22: =sum(AC3:AC21) -> 147 | AD22: =sum(AD3:AD21) -> 14 | AE22: =if(L22=0, "-", L22/(L22+AD22)) -> 0.89147287 | AF22: =SUM(AF3:AF21) -> 15 | AG22: =iferror((F22-K22)/(D22-K22-N22+P22), "-") -> 0.42424242 | AH22: =iferror((R22-F22)/D22, "-") -> 0.1914242 | AI22: =iferror(2*(K22*L22)/(K22+L22), "-") -> 29.621212
A24: Pitching Totals
A25: PLAYER | B25: G | C25: W-L% | D25: GS | E25: CG | F25: Full IP | G25: Partial IP | H25: IP | I25: H | J25: R | K25: ER | L25: BB | M25: K | N25: HR | O25: W | P25: L | Q25: SV | R25: SHO | S25: WHIP | T25: ERA | U25: H/7 | V25: BB/7 | W25: K/7 | X25: K/9 | Y25: HR/7 | Z25: BB/K | AA25: ERRORS
A26: Braylon Connell (Sr) | B26: =COUNTIF('Game Stats'!R:R, A26) -> 3 | C26: =IF((O26+P26)=0, "-", O26/(O26+P26)) -> 1 | D26: 1 | E26: 0 | F26: 6 | G26: 0 | H26: =F26+ifs(G26=1/3, 0.1, G26=2/3, 0.2, G26=0, 0) -> 6 | I26: =sumif('Game Stats'!$R:$R, $A26, 'Game Stats'!T:T) -> 3 | J26: =sumif('Game Stats'!$R:$R, $A26, 'Game Stats'!U:U) -> 3 | K26: =sumif('Game Stats'!$R:$R, $A26, 'Game Stats'!V:V) -> 3 | L26: =sumif('Game Stats'!$R:$R, $A26, 'Game Stats'!W:W) -> 5 | M26: =sumif('Game Stats'!$R:$R, $A26, 'Game Stats'!X:X) -> 3 | N26: =sumif('Game Stats'!$R:$R, $A26, 'Game Stats'!Y:Y) -> 0 | O26: 1 | P26: 0 | Q26: 0 | R26: 0 | S26: =if(F26=0, "-", (L26+I26)/(F26+G26)) -> 1.3333333 | T26: =if(F26=0, "-", (K26/(F26+G26))*7) -> 3.5 | U26: =if(F26=0, "-", 7*(I26/(F26+G26))) -> 3.5 | V26: =if(F26=0, "-", 7*(L26/(F26+G26))) -> 5.8333333 | W26: =if(F26=0, "-", 7*(M26/(F26+G26))) -> 3.5 | X26: =if(F26=0, "-", 9*(M26/(F26+G26))) -> 4.5 | Y26: =if(F26=0, "-", 7*(N26/(F26+G26))) -> 0 | Z26: =if(M26=0,"-", L26/M26) -> 1.6666667 | AA26: 0
A27: Carter Christenson (Sr) | B27: =COUNTIF('Game Stats'!R:R, A27) -> 0 | C27: =IF((O27+P27)=0, "-", O27/(O27+P27)) -> - | D27: 0 | E27: 0 | F27: 0 | G27: 0 | H27: =F27+ifs(G27=1/3, 0.1, G27=2/3, 0.2, G27=0, 0) -> 0 | I27: =sumif('Game Stats'!$R:$R, $A27, 'Game Stats'!T:T) -> 0 | J27: =sumif('Game Stats'!$R:$R, $A27, 'Game Stats'!U:U) -> 0 | K27: =sumif('Game Stats'!$R:$R, $A27, 'Game Stats'!V:V) -> 0 | L27: =sumif('Game Stats'!$R:$R, $A27, 'Game Stats'!W:W) -> 0 | M27: =sumif('Game Stats'!$R:$R, $A27, 'Game Stats'!X:X) -> 0 | N27: =sumif('Game Stats'!$R:$R, $A27, 'Game Stats'!Y:Y) -> 0 | O27: 0 | P27: 0 | Q27: 0 | R27: 0 | S27: =if(F27=0, "-", (L27+I27)/(F27+G27)) -> - | T27: =if(F27=0, "-", (K27/(F27+G27))*7) -> - | U27: =if(F27=0, "-", 7*(I27/(F27+G27))) -> - | V27: =if(F27=0, "-", 7*(L27/(F27+G27))) -> - | W27: =if(F27=0, "-", 7*(M27/(F27+G27))) -> - | X27: =if(F27=0, "-", 9*(M27/(F27+G27))) -> - | Y27: =if(F27=0, "-", 7*(N27/(F27+G27))) -> - | Z27: =if(M27=0,"-", L27/M27) -> - | AA27: 0
A28: Connor Fuhrer (Sr) | B28: =COUNTIF('Game Stats'!R:R, A28) -> 8 | C28: =IF((O28+P28)=0, "-", O28/(O28+P28)) -> 1 | D28: 7 | E28: 1 | F28: 44 | G28: 0 | H28: =F28+ifs(G28=1/3, 0.1, G28=2/3, 0.2, G28=0, 0) -> 44 | I28: =sumif('Game Stats'!$R:$R, $A28, 'Game Stats'!T:T) -> 33 | J28: =sumif('Game Stats'!$R:$R, $A28, 'Game Stats'!U:U) -> 17 | K28: =sumif('Game Stats'!$R:$R, $A28, 'Game Stats'!V:V) -> 12 | L28: =sumif('Game Stats'!$R:$R, $A28, 'Game Stats'!W:W) -> 20 | M28: =sumif('Game Stats'!$R:$R, $A28, 'Game Stats'!X:X) -> 34 | N28: =sumif('Game Stats'!$R:$R, $A28, 'Game Stats'!Y:Y) -> 1 | O28: 6 | P28: 0 | Q28: 0 | R28: 1 | S28: =if(F28=0, "-", (L28+I28)/(F28+G28)) -> 1.2045455 | T28: =if(F28=0, "-", (K28/(F28+G28))*7) -> 1.9090909 | U28: =if(F28=0, "-", 7*(I28/(F28+G28))) -> 5.25 | V28: =if(F28=0, "-", 7*(L28/(F28+G28))) -> 3.1818182 | W28: =if(F28=0, "-", 7*(M28/(F28+G28))) -> 5.4090909 | X28: =if(F28=0, "-", 9*(M28/(F28+G28))) -> 6.9545455 | Y28: =if(F28=0, "-", 7*(N28/(F28+G28))) -> 0.15909091 | Z28: =if(M28=0,"-", L28/M28) -> 0.58823529 | AA28: 1
A29: Connor Scoggins (Sr) | B29: =COUNTIF('Game Stats'!R:R, A29) -> 5 | C29: =IF((O29+P29)=0, "-", O29/(O29+P29)) -> 1 | D29: 0 | E29: 0 | F29: 9 | G29: =1/3 -> 0.33333333 | H29: =F29+ifs(G29=1/3, 0.1, G29=2/3, 0.2, G29=0, 0) -> 9.1 | I29: =sumif('Game Stats'!$R:$R, $A29, 'Game Stats'!T:T) -> 7 | J29: =sumif('Game Stats'!$R:$R, $A29, 'Game Stats'!U:U) -> 4 | K29: =sumif('Game Stats'!$R:$R, $A29, 'Game Stats'!V:V) -> 2 | L29: =sumif('Game Stats'!$R:$R, $A29, 'Game Stats'!W:W) -> 9 | M29: =sumif('Game Stats'!$R:$R, $A29, 'Game Stats'!X:X) -> 4 | N29: =sumif('Game Stats'!$R:$R, $A29, 'Game Stats'!Y:Y) -> 0 | O29: 2 | P29: 0 | Q29: 1 | R29: 0 | S29: =if(F29=0, "-", (L29+I29)/(F29+G29)) -> 1.7142857 | T29: =if(F29=0, "-", (K29/(F29+G29))*7) -> 1.5 | U29: =if(F29=0, "-", 7*(I29/(F29+G29))) -> 5.25 | V29: =if(F29=0, "-", 7*(L29/(F29+G29))) -> 6.75 | W29: =if(F29=0, "-", 7*(M29/(F29+G29))) -> 3 | X29: =if(F29=0, "-", 9*(M29/(F29+G29))) -> 3.8571429 | Y29: =if(F29=0, "-", 7*(N29/(F29+G29))) -> 0 | Z29: =if(M29=0,"-", L29/M29) -> 2.25 | AA29: 0
A30: Finn O'Keefe (Sr) | B30: =COUNTIF('Game Stats'!R:R, A30) -> 6 | C30: =IF((O30+P30)=0, "-", O30/(O30+P30)) -> 1 | D30: 0 | E30: 0 | F30: 9 | G30: =2/3 -> 0.66666667 | H30: =F30+ifs(G30=1/3, 0.1, G30=2/3, 0.2, G30=0, 0) -> 9.2 | I30: =sumif('Game Stats'!$R:$R, $A30, 'Game Stats'!T:T) -> 7 | J30: =sumif('Game Stats'!$R:$R, $A30, 'Game Stats'!U:U) -> 7 | K30: =sumif('Game Stats'!$R:$R, $A30, 'Game Stats'!V:V) -> 6 | L30: =sumif('Game Stats'!$R:$R, $A30, 'Game Stats'!W:W) -> 10 | M30: =sumif('Game Stats'!$R:$R, $A30, 'Game Stats'!X:X) -> 10 | N30: =sumif('Game Stats'!$R:$R, $A30, 'Game Stats'!Y:Y) -> 2 | O30: 1 | P30: 0 | Q30: 1 | R30: 0 | S30: =if(F30=0, "-", (L30+I30)/(F30+G30)) -> 1.7586207 | T30: =if(F30=0, "-", (K30/(F30+G30))*7) -> 4.3448276 | U30: =if(F30=0, "-", 7*(I30/(F30+G30))) -> 5.0689655 | V30: =if(F30=0, "-", 7*(L30/(F30+G30))) -> 7.2413793 | W30: =if(F30=0, "-", 7*(M30/(F30+G30))) -> 7.2413793 | X30: =if(F30=0, "-", 9*(M30/(F30+G30))) -> 9.3103448 | Y30: =if(F30=0, "-", 7*(N30/(F30+G30))) -> 1.4482759 | Z30: =if(M30=0,"-", L30/M30) -> 1 | AA30: 0
A31: Jake Gaerke (Jr) | B31: =COUNTIF('Game Stats'!R:R, A31) -> 7 | C31: =IF((O31+P31)=0, "-", O31/(O31+P31)) -> 1 | D31: 0 | E31: 0 | F31: 7 | G31: =2/3 -> 0.66666667 | H31: =F31+ifs(G31=1/3, 0.1, G31=2/3, 0.2, G31=0, 0) -> 7.2 | I31: =sumif('Game Stats'!$R:$R, $A31, 'Game Stats'!T:T) -> 8 | J31: =sumif('Game Stats'!$R:$R, $A31, 'Game Stats'!U:U) -> 8 | K31: =sumif('Game Stats'!$R:$R, $A31, 'Game Stats'!V:V) -> 8 | L31: =sumif('Game Stats'!$R:$R, $A31, 'Game Stats'!W:W) -> 5 | M31: =sumif('Game Stats'!$R:$R, $A31, 'Game Stats'!X:X) -> 7 | N31: =sumif('Game Stats'!$R:$R, $A31, 'Game Stats'!Y:Y) -> 0 | O31: 2 | P31: 0 | Q31: 2 | R31: 0 | S31: =if(F31=0, "-", (L31+I31)/(F31+G31)) -> 1.6956522 | T31: =if(F31=0, "-", (K31/(F31+G31))*7) -> 7.3043478 | U31: =if(F31=0, "-", 7*(I31/(F31+G31))) -> 7.3043478 | V31: =if(F31=0, "-", 7*(L31/(F31+G31))) -> 4.5652174 | W31: =if(F31=0, "-", 7*(M31/(F31+G31))) -> 6.3913043 | X31: =if(F31=0, "-", 9*(M31/(F31+G31))) -> 8.2173913 | Y31: =if(F31=0, "-", 7*(N31/(F31+G31))) -> 0 | Z31: =if(M31=0,"-", L31/M31) -> 0.71428571 | AA31: 0
A32: Joey Watts (Sr) | B32: =COUNTIF('Game Stats'!R:R, A32) -> 5 | C32: =IF((O32+P32)=0, "-", O32/(O32+P32)) -> 0 | D32: 0 | E32: 0 | F32: 4 | G32: =1/3 -> 0.33333333 | H32: =F32+ifs(G32=1/3, 0.1, G32=2/3, 0.2, G32=0, 0) -> 4.1 | I32: =sumif('Game Stats'!$R:$R, $A32, 'Game Stats'!T:T) -> 4 | J32: =sumif('Game Stats'!$R:$R, $A32, 'Game Stats'!U:U) -> 11 | K32: =sumif('Game Stats'!$R:$R, $A32, 'Game Stats'!V:V) -> 8 | L32: =sumif('Game Stats'!$R:$R, $A32, 'Game Stats'!W:W) -> 10 | M32: =sumif('Game Stats'!$R:$R, $A32, 'Game Stats'!X:X) -> 4 | N32: =sumif('Game Stats'!$R:$R, $A32, 'Game Stats'!Y:Y) -> 0 | O32: 0 | P32: 2 | Q32: 0 | R32: 0 | S32: =if(F32=0, "-", (L32+I32)/(F32+G32)) -> 3.2307692 | T32: =if(F32=0, "-", (K32/(F32+G32))*7) -> 12.923077 | U32: =if(F32=0, "-", 7*(I32/(F32+G32))) -> 6.4615385 | V32: =if(F32=0, "-", 7*(L32/(F32+G32))) -> 16.153846 | W32: =if(F32=0, "-", 7*(M32/(F32+G32))) -> 6.4615385 | X32: =if(F32=0, "-", 9*(M32/(F32+G32))) -> 8.3076923 | Y32: =if(F32=0, "-", 7*(N32/(F32+G32))) -> 0 | Z32: =if(M32=0,"-", L32/M32) -> 2.5 | AA32: 0
A33: Logan Rosenberger (Sr) | B33: =COUNTIF('Game Stats'!R:R, A33) -> 3 | C33: =IF((O33+P33)=0, "-", O33/(O33+P33)) -> - | D33: 1 | E33: 0 | F33: 4 | G33: =1/3 -> 0.33333333 | H33: =F33+ifs(G33=1/3, 0.1, G33=2/3, 0.2, G33=0, 0) -> 4.1 | I33: =sumif('Game Stats'!$R:$R, $A33, 'Game Stats'!T:T) -> 8 | J33: =sumif('Game Stats'!$R:$R, $A33, 'Game Stats'!U:U) -> 7 | K33: =sumif('Game Stats'!$R:$R, $A33, 'Game Stats'!V:V) -> 7 | L33: =sumif('Game Stats'!$R:$R, $A33, 'Game Stats'!W:W) -> 5 | M33: =sumif('Game Stats'!$R:$R, $A33, 'Game Stats'!X:X) -> 4 | N33: =sumif('Game Stats'!$R:$R, $A33, 'Game Stats'!Y:Y) -> 0 | O33: 0 | P33: 0 | Q33: 0 | R33: 0 | S33: =if(F33=0, "-", (L33+I33)/(F33+G33)) -> 3 | T33: =if(F33=0, "-", (K33/(F33+G33))*7) -> 11.307692 | U33: =if(F33=0, "-", 7*(I33/(F33+G33))) -> 12.923077 | V33: =if(F33=0, "-", 7*(L33/(F33+G33))) -> 8.0769231 | W33: =if(F33=0, "-", 7*(M33/(F33+G33))) -> 6.4615385 | X33: =if(F33=0, "-", 9*(M33/(F33+G33))) -> 8.3076923 | Y33: =if(F33=0, "-", 7*(N33/(F33+G33))) -> 0 | Z33: =if(M33=0,"-", L33/M33) -> 1.25 | AA33: 0
A34: Luke Pappano (Sr) | B34: =COUNTIF('Game Stats'!R:R, A34) -> 7 | C34: =IF((O34+P34)=0, "-", O34/(O34+P34)) -> 1 | D34: 6 | E34: 1 | F34: 27 | G34: 0 | H34: =F34+ifs(G34=1/3, 0.1, G34=2/3, 0.2, G34=0, 0) -> 27 | I34: =sumif('Game Stats'!$R:$R, $A34, 'Game Stats'!T:T) -> 14 | J34: =sumif('Game Stats'!$R:$R, $A34, 'Game Stats'!U:U) -> 11 | K34: =sumif('Game Stats'!$R:$R, $A34, 'Game Stats'!V:V) -> 9 | L34: =sumif('Game Stats'!$R:$R, $A34, 'Game Stats'!W:W) -> 15 | M34: =sumif('Game Stats'!$R:$R, $A34, 'Game Stats'!X:X) -> 28 | N34: =sumif('Game Stats'!$R:$R, $A34, 'Game Stats'!Y:Y) -> 0 | O34: 4 | P34: 0 | Q34: 0 | R34: 1 | S34: =if(F34=0, "-", (L34+I34)/(F34+G34)) -> 1.0740741 | T34: =if(F34=0, "-", (K34/(F34+G34))*7) -> 2.3333333 | U34: =if(F34=0, "-", 7*(I34/(F34+G34))) -> 3.6296296 | V34: =if(F34=0, "-", 7*(L34/(F34+G34))) -> 3.8888889 | W34: =if(F34=0, "-", 7*(M34/(F34+G34))) -> 7.2592593 | X34: =if(F34=0, "-", 9*(M34/(F34+G34))) -> 9.3333333 | Y34: =if(F34=0, "-", 7*(N34/(F34+G34))) -> 0 | Z34: =if(M34=0,"-", L34/M34) -> 0.53571429 | AA34: 1
A35: Matt Ponatoski (Jr) | B35: =COUNTIF('Game Stats'!R:R, A35) -> 3 | C35: =IF((O35+P35)=0, "-", O35/(O35+P35)) -> - | D35: 0 | E35: 0 | F35: 3 | G35: 0 | H35: =F35+ifs(G35=1/3, 0.1, G35=2/3, 0.2, G35=0, 0) -> 3 | I35: =sumif('Game Stats'!$R:$R, $A35, 'Game Stats'!T:T) -> 1 | J35: =sumif('Game Stats'!$R:$R, $A35, 'Game Stats'!U:U) -> 0 | K35: =sumif('Game Stats'!$R:$R, $A35, 'Game Stats'!V:V) -> 0 | L35: =sumif('Game Stats'!$R:$R, $A35, 'Game Stats'!W:W) -> 2 | M35: =sumif('Game Stats'!$R:$R, $A35, 'Game Stats'!X:X) -> 1 | N35: =sumif('Game Stats'!$R:$R, $A35, 'Game Stats'!Y:Y) -> 0 | O35: 0 | P35: 0 | Q35: 2 | R35: 0 | S35: =if(F35=0, "-", (L35+I35)/(F35+G35)) -> 1 | T35: =if(F35=0, "-", (K35/(F35+G35))*7) -> 0 | U35: =if(F35=0, "-", 7*(I35/(F35+G35))) -> 2.3333333 | V35: =if(F35=0, "-", 7*(L35/(F35+G35))) -> 4.6666667 | W35: =if(F35=0, "-", 7*(M35/(F35+G35))) -> 2.3333333 | X35: =if(F35=0, "-", 9*(M35/(F35+G35))) -> 3 | Y35: =if(F35=0, "-", 7*(N35/(F35+G35))) -> 0 | Z35: =if(M35=0,"-", L35/M35) -> 2 | AA35: 0
A36: Nathan McDowell (So) | B36: =COUNTIF('Game Stats'!R:R, A36) -> 3 | C36: =IF((O36+P36)=0, "-", O36/(O36+P36)) -> 1 | D36: 3 | E36: 0 | F36: 13 | G36: =1/3 -> 0.33333333 | H36: =F36+ifs(G36=1/3, 0.1, G36=2/3, 0.2, G36=0, 0) -> 13.1 | I36: =sumif('Game Stats'!$R:$R, $A36, 'Game Stats'!T:T) -> 6 | J36: =sumif('Game Stats'!$R:$R, $A36, 'Game Stats'!U:U) -> 2 | K36: =sumif('Game Stats'!$R:$R, $A36, 'Game Stats'!V:V) -> 0 | L36: =sumif('Game Stats'!$R:$R, $A36, 'Game Stats'!W:W) -> 2 | M36: =sumif('Game Stats'!$R:$R, $A36, 'Game Stats'!X:X) -> 17 | N36: =sumif('Game Stats'!$R:$R, $A36, 'Game Stats'!Y:Y) -> 0 | O36: 2 | P36: 0 | Q36: 0 | R36: 1 | S36: =if(F36=0, "-", (L36+I36)/(F36+G36)) -> 0.6 | T36: =if(F36=0, "-", (K36/(F36+G36))*7) -> 0 | U36: =if(F36=0, "-", 7*(I36/(F36+G36))) -> 3.15 | V36: =if(F36=0, "-", 7*(L36/(F36+G36))) -> 1.05 | W36: =if(F36=0, "-", 7*(M36/(F36+G36))) -> 8.925 | X36: =if(F36=0, "-", 9*(M36/(F36+G36))) -> 11.475 | Y36: =if(F36=0, "-", 7*(N36/(F36+G36))) -> 0 | Z36: =if(M36=0,"-", L36/M36) -> 0.11764706 | AA36: 0
A37: Noah Goettke (So) | B37: =COUNTIF('Game Stats'!R:R, A37) -> 0 | C37: =IF((O37+P37)=0, "-", O37/(O37+P37)) -> - | D37: 0 | E37: 0 | F37: 0 | G37: 0 | H37: =F37+ifs(G37=1/3, 0.1, G37=2/3, 0.2, G37=0, 0) -> 0 | I37: =sumif('Game Stats'!$R:$R, $A37, 'Game Stats'!T:T) -> 0 | J37: =sumif('Game Stats'!$R:$R, $A37, 'Game Stats'!U:U) -> 0 | K37: =sumif('Game Stats'!$R:$R, $A37, 'Game Stats'!V:V) -> 0 | L37: =sumif('Game Stats'!$R:$R, $A37, 'Game Stats'!W:W) -> 0 | M37: =sumif('Game Stats'!$R:$R, $A37, 'Game Stats'!X:X) -> 0 | N37: =sumif('Game Stats'!$R:$R, $A37, 'Game Stats'!Y:Y) -> 0 | O37: 0 | P37: 0 | Q37: 0 | R37: 0 | S37: =if(F37=0, "-", (L37+I37)/(F37+G37)) -> - | T37: =if(F37=0, "-", (K37/(F37+G37))*7) -> - | U37: =if(F37=0, "-", 7*(I37/(F37+G37))) -> - | V37: =if(F37=0, "-", 7*(L37/(F37+G37))) -> - | W37: =if(F37=0, "-", 7*(M37/(F37+G37))) -> - | X37: =if(F37=0, "-", 9*(M37/(F37+G37))) -> - | Y37: =if(F37=0, "-", 7*(N37/(F37+G37))) -> - | Z37: =if(M37=0,"-", L37/M37) -> - | AA37: 0
A38: Zion Theophilus (Sr) | B38: =COUNTIF('Game Stats'!R:R, A38) -> 7 | C38: =IF((O38+P38)=0, "-", O38/(O38+P38)) -> 0.8 | D38: 7 | E38: 2 | F38: 39 | G38: 0 | H38: =F38+ifs(G38=1/3, 0.1, G38=2/3, 0.2, G38=0, 0) -> 39 | I38: =sumif('Game Stats'!$R:$R, $A38, 'Game Stats'!T:T) -> 20 | J38: =sumif('Game Stats'!$R:$R, $A38, 'Game Stats'!U:U) -> 11 | K38: =sumif('Game Stats'!$R:$R, $A38, 'Game Stats'!V:V) -> 11 | L38: =sumif('Game Stats'!$R:$R, $A38, 'Game Stats'!W:W) -> 16 | M38: =sumif('Game Stats'!$R:$R, $A38, 'Game Stats'!X:X) -> 65 | N38: =sumif('Game Stats'!$R:$R, $A38, 'Game Stats'!Y:Y) -> 0 | O38: 4 | P38: 1 | Q38: 0 | R38: 2 | S38: =if(F38=0, "-", (L38+I38)/(F38+G38)) -> 0.92307692 | T38: =if(F38=0, "-", (K38/(F38+G38))*7) -> 1.974359 | U38: =if(F38=0, "-", 7*(I38/(F38+G38))) -> 3.5897436 | V38: =if(F38=0, "-", 7*(L38/(F38+G38))) -> 2.8717949 | W38: =if(F38=0, "-", 7*(M38/(F38+G38))) -> 11.666667 | X38: =if(F38=0, "-", 9*(M38/(F38+G38))) -> 15 | Y38: =if(F38=0, "-", 7*(N38/(F38+G38))) -> 0 | Z38: =if(M38=0,"-", L38/M38) -> 0.24615385 | AA38: 0
A39: Totals | C39: =O39/(O39+P39) -> 0.88 | D39: =SUM(D26:D38) -> 25 | E39: =SUM(E26:E38) -> 4 | F39: =SUM(F26:F38) -> 165 | G39: =SUM(G26:G38) -> 2.6666667 | H39: =F39+ifs(G39=1/3, 0.1, G39=2/3, 0.2, G39=0, 0, G39=1, 1, G39=4/3, 1.1, G39=5/3, 1.2, G39=2, 2, G39=7/3, 2.1, G39=8/3, 2.2) -> 167.2 | I39: =SUM(I26:I38) -> 111 | J39: =SUM(J26:J38) -> 81 | K39: =SUM(K26:K38) -> 66 | L39: =SUM(L26:L38) -> 99 | M39: =SUM(M26:M38) -> 177 | N39: =SUM(N26:N38) -> 3 | O39: =SUM(O26:O38) -> 22 | P39: =SUM(P26:P38) -> 3 | ... R39: =SUM(R26:R38) -> 5 | S39: =iferror((L39+I39)/(F39+G39), 0) -> 1.2524851 | T39: =iferror((K39/(F39+G39))*7, 0) -> 2.7554672 | U39: =iferror(7*(I39/(F39+G39)), 0) -> 4.6341948 | V39: =iferror(7*(L39/(F39+G39)), 0) -> 4.1332008 | W39: =iferror(7*(M39/(F39+G39)), 0) -> 7.389662 | X39: =iferror(9*(M39/(F39+G39)), 0) -> 9.500994 | Y39: =iferror(7*(N39/(F39+G39)), 0) -> 0.12524851 | Z39: =iferror(L39/M39, 0) -> 0.55932203 | AA39: =sum(AA26:AA38) -> 2

Sheet Postseason
A2: PLAYER | B2: G | C2: PA | D2: AB | E2: RUNS | F2: HITS | G2: RBI | H2: 1B | I2: 2B | J2: 3B | K2: HR | L2: SB | M2: BB | N2: K | O2: HBP | P2: SF | Q2: SH | R2: TB | S2: AVG | T2: OBP | U2: SLG | V2: OPS | W2: Runs Created | X2: BB% | Y2: K% | Z2: BB/K | AA2: AB/HR | AB2: wOBA | AC2: LOB | AD2: CS | AE2: SB% | AF2: ERRORS | AG2: BAbip | AH2: ISO | AI2: PwrSpd
A3: Adam Holstein (Jr) | B3: =COUNTIF('POST Game Stats'!A:A, A3) -> 1 | C3: =D3+M3+O3+P3+Q3 -> 2 | D3: =sumif('POST Game Stats'!$A:$A, $A3, 'POST Game Stats'!B:B) -> 2 | E3: =sumif('POST Game Stats'!$A:$A, $A3, 'POST Game Stats'!C:C) -> 0 | F3: =sumif('POST Game Stats'!$A:$A, $A3, 'POST Game Stats'!D:D) -> 0 | G3: =sumif('POST Game Stats'!$A:$A, $A3, 'POST Game Stats'!E:E) -> 0 | H3: =F3-(I3+J3+K3) -> 0 | I3: =sumif('POST Game Stats'!$A:$A, $A3, 'POST Game Stats'!G:G) -> 0 | J3: =sumif('POST Game Stats'!$A:$A, $A3, 'POST Game Stats'!H:H) -> 0 | K3: =sumif('POST Game Stats'!$A:$A, $A3, 'POST Game Stats'!I:I) -> 0 | L3: =sumif('POST Game Stats'!$A:$A, $A3, 'POST Game Stats'!Q:Q) -> 0 | M3: =sumif('POST Game Stats'!$A:$A, $A3, 'POST Game Stats'!J:J) -> 0 | N3: =sumif('POST Game Stats'!$A:$A, $A3, 'POST Game Stats'!K:K) -> 0 | O3: =sumif('POST Game Stats'!$A:$A, $A3, 'POST Game Stats'!N:N) -> 0 | P3: =sumif('POST Game Stats'!$A:$A, $A3, 'POST Game Stats'!L:L) -> 0 | Q3: =sumif('POST Game Stats'!$A:$A, $A3, 'POST Game Stats'!M:M) -> 0 | R3: =(H3+(2*I3)+(3*J3)+(4*K3)) -> 0 | S3: =iferror(if(C3=0,"-", F3/D3), 0) -> 0 | T3: =if(C3=0, "-", (F3+M3+O3)/(D3+M3+O3+P3)) -> 0 | U3: =iferror(if(C3=0, "-", R3/D3), 0) -> 0 | V3: =if(T3="-", "-", T3+U3) -> 0 | W3: =if(D3=0,"-", ((F3+M3)*R3)/(D3+M3)) -> 0 | X3: =if(C3=0, "-", M3/C3) -> 0 | Y3: =if(C3=0, "-", N3/C3) -> 0 | Z3: =ifs(Y3="-", "-", Y3=0, "0", Y3<>0, M3/N3) -> 0 | AA3: =IF(K3=0, "-", D3/K3) -> - | AB3: =if(C3=0, "-", ((0.69*M3)+(0.72*O3)+(0.88*H3)+(1.24*I3)+(1.57*J3)+(2*K3))/(D3+M3+O3+P3)) -> 0 | AC3: =if(D3=0, 0, sumif('POST Game Stats'!AD:AD, A3, 'POST Game Stats'!AC:AC)) -> 0 | AD3: 0 | AE3: =if(L3=0, "-", L3/(L3+AD3)) -> - | AF3: 0 | AG3: =iferror((F3-K3)/(D3-K3-N3+P3), "-") -> 0 | AH3: =iferror((R3-F3)/D3, "-") -> 0 | AI3: =iferror(2*(K3*L3)/(K3+L3), "-") -> -
A4: Adam Maybury (Jr) | B4: =COUNTIF('POST Game Stats'!A:A, A4) -> 1 | C4: =D4+M4+O4+P4+Q4 -> 2 | D4: =sumif('POST Game Stats'!$A:$A, $A4, 'POST Game Stats'!B:B) -> 1 | E4: =sumif('POST Game Stats'!$A:$A, $A4, 'POST Game Stats'!C:C) -> 2 | F4: =sumif('POST Game Stats'!$A:$A, $A4, 'POST Game Stats'!D:D) -> 0 | G4: =sumif('POST Game Stats'!$A:$A, $A4, 'POST Game Stats'!E:E) -> 0 | H4: =F4-(I4+J4+K4) -> 0 | I4: =sumif('POST Game Stats'!$A:$A, $A4, 'POST Game Stats'!G:G) -> 0 | J4: =sumif('POST Game Stats'!$A:$A, $A4, 'POST Game Stats'!H:H) -> 0 | K4: =sumif('POST Game Stats'!$A:$A, $A4, 'POST Game Stats'!I:I) -> 0 | L4: =sumif('POST Game Stats'!$A:$A, $A4, 'POST Game Stats'!Q:Q) -> 0 | M4: =sumif('POST Game Stats'!$A:$A, $A4, 'POST Game Stats'!J:J) -> 1 | N4: =sumif('POST Game Stats'!$A:$A, $A4, 'POST Game Stats'!K:K) -> 0 | O4: =sumif('POST Game Stats'!$A:$A, $A4, 'POST Game Stats'!N:N) -> 0 | P4: =sumif('POST Game Stats'!$A:$A, $A4, 'POST Game Stats'!L:L) -> 0 | Q4: =sumif('POST Game Stats'!$A:$A, $A4, 'POST Game Stats'!M:M) -> 0 | R4: =(H4+(2*I4)+(3*J4)+(4*K4)) -> 0 | S4: =iferror(if(C4=0,"-", F4/D4), 0) -> 0 | T4: =if(C4=0, "-", (F4+M4+O4)/(D4+M4+O4+P4)) -> 0.5 | U4: =iferror(if(C4=0, "-", R4/D4), 0) -> 0 | V4: =if(T4="-", "-", T4+U4) -> 0.5 | W4: =if(D4=0,"-", ((F4+M4)*R4)/(D4+M4)) -> 0 | X4: =if(C4=0, "-", M4/C4) -> 0.5 | Y4: =if(C4=0, "-", N4/C4) -> 0 | Z4: =ifs(Y4="-", "-", Y4=0, "0", Y4<>0, M4/N4) -> 0 | AA4: =IF(K4=0, "-", D4/K4) -> - | AB4: =if(C4=0, "-", ((0.69*M4)+(0.72*O4)+(0.88*H4)+(1.24*I4)+(1.57*J4)+(2*K4))/(D4+M4+O4+P4)) -> 0.345 | AC4: =if(D4=0, 0, sumif('POST Game Stats'!AD:AD, A4, 'POST Game Stats'!AC:AC)) -> 0 | AD4: 0 | AE4: =if(L4=0, "-", L4/(L4+AD4)) -> - | AF4: 0 | AG4: =iferror((F4-K4)/(D4-K4-N4+P4), "-") -> 0 | AH4: =iferror((R4-F4)/D4, "-") -> 0 | AI4: =iferror(2*(K4*L4)/(K4+L4), "-") -> -
A5: Brody Foltz (Sr) | B5: =COUNTIF('POST Game Stats'!A:A, A5) -> 1 | C5: =D5+M5+O5+P5+Q5 -> 2 | D5: =sumif('POST Game Stats'!$A:$A, $A5, 'POST Game Stats'!B:B) -> 2 | E5: =sumif('POST Game Stats'!$A:$A, $A5, 'POST Game Stats'!C:C) -> 0 | F5: =sumif('POST Game Stats'!$A:$A, $A5, 'POST Game Stats'!D:D) -> 1 | G5: =sumif('POST Game Stats'!$A:$A, $A5, 'POST Game Stats'!E:E) -> 1 | H5: =F5-(I5+J5+K5) -> 1 | I5: =sumif('POST Game Stats'!$A:$A, $A5, 'POST Game Stats'!G:G) -> 0 | J5: =sumif('POST Game Stats'!$A:$A, $A5, 'POST Game Stats'!H:H) -> 0 | K5: =sumif('POST Game Stats'!$A:$A, $A5, 'POST Game Stats'!I:I) -> 0 | L5: =sumif('POST Game Stats'!$A:$A, $A5, 'POST Game Stats'!Q:Q) -> 0 | M5: =sumif('POST Game Stats'!$A:$A, $A5, 'POST Game Stats'!J:J) -> 0 | N5: =sumif('POST Game Stats'!$A:$A, $A5, 'POST Game Stats'!K:K) -> 0 | O5: =sumif('POST Game Stats'!$A:$A, $A5, 'POST Game Stats'!N:N) -> 0 | P5: =sumif('POST Game Stats'!$A:$A, $A5, 'POST Game Stats'!L:L) -> 0 | Q5: =sumif('POST Game Stats'!$A:$A, $A5, 'POST Game Stats'!M:M) -> 0 | R5: =(H5+(2*I5)+(3*J5)+(4*K5)) -> 1 | S5: =iferror(if(C5=0,"-", F5/D5), 0) -> 0.5 | T5: =if(C5=0, "-", (F5+M5+O5)/(D5+M5+O5+P5)) -> 0.5 | U5: =iferror(if(C5=0, "-", R5/D5), 0) -> 0.5 | V5: =if(T5="-", "-", T5+U5) -> 1 | W5: =if(D5=0,"-", ((F5+M5)*R5)/(D5+M5)) -> 0.5 | X5: =if(C5=0, "-", M5/C5) -> 0 | Y5: =if(C5=0, "-", N5/C5) -> 0 | Z5: =ifs(Y5="-", "-", Y5=0, "0", Y5<>0, M5/N5) -> 0 | AA5: =IF(K5=0, "-", D5/K5) -> - | AB5: =if(C5=0, "-", ((0.69*M5)+(0.72*O5)+(0.88*H5)+(1.24*I5)+(1.57*J5)+(2*K5))/(D5+M5+O5+P5)) -> 0.44 | AC5: =if(D5=0, 0, sumif('POST Game Stats'!AD:AD, A5, 'POST Game Stats'!AC:AC)) -> 1 | AD5: 0 | AE5: =if(L5=0, "-", L5/(L5+AD5)) -> - | AF5: 0 | AG5: =iferror((F5-K5)/(D5-K5-N5+P5), "-") -> 0.5 | AH5: =iferror((R5-F5)/D5, "-") -> 0 | AI5: =iferror(2*(K5*L5)/(K5+L5), "-") -> -
A6: Carter Christenson (Sr) | B6: =COUNTIF('POST Game Stats'!A:A, A6) -> 4 | C6: =D6+M6+O6+P6+Q6 -> 12 | D6: =sumif('POST Game Stats'!$A:$A, $A6, 'POST Game Stats'!B:B) -> 11 | E6: =sumif('POST Game Stats'!$A:$A, $A6, 'POST Game Stats'!C:C) -> 3 | F6: =sumif('POST Game Stats'!$A:$A, $A6, 'POST Game Stats'!D:D) -> 6 | G6: =sumif('POST Game Stats'!$A:$A, $A6, 'POST Game Stats'!E:E) -> 5 | H6: =F6-(I6+J6+K6) -> 3 | I6: =sumif('POST Game Stats'!$A:$A, $A6, 'POST Game Stats'!G:G) -> 2 | J6: =sumif('POST Game Stats'!$A:$A, $A6, 'POST Game Stats'!H:H) -> 1 | K6: =sumif('POST Game Stats'!$A:$A, $A6, 'POST Game Stats'!I:I) -> 0 | L6: =sumif('POST Game Stats'!$A:$A, $A6, 'POST Game Stats'!Q:Q) -> 3 | M6: =sumif('POST Game Stats'!$A:$A, $A6, 'POST Game Stats'!J:J) -> 1 | N6: =sumif('POST Game Stats'!$A:$A, $A6, 'POST Game Stats'!K:K) -> 2 | O6: =sumif('POST Game Stats'!$A:$A, $A6, 'POST Game Stats'!N:N) -> 0 | P6: =sumif('POST Game Stats'!$A:$A, $A6, 'POST Game Stats'!L:L) -> 0 | Q6: =sumif('POST Game Stats'!$A:$A, $A6, 'POST Game Stats'!M:M) -> 0 | R6: =(H6+(2*I6)+(3*J6)+(4*K6)) -> 10 | S6: =iferror(if(C6=0,"-", F6/D6), 0) -> 0.54545455 | T6: =if(C6=0, "-", (F6+M6+O6)/(D6+M6+O6+P6)) -> 0.58333333 | U6: =iferror(if(C6=0, "-", R6/D6), 0) -> 0.90909091 | V6: =if(T6="-", "-", T6+U6) -> 1.4924242 | W6: =if(D6=0,"-", ((F6+M6)*R6)/(D6+M6)) -> 5.8333333 | X6: =if(C6=0, "-", M6/C6) -> 0.083333333 | Y6: =if(C6=0, "-", N6/C6) -> 0.16666667 | Z6: =ifs(Y6="-", "-", Y6=0, "0", Y6<>0, M6/N6) -> 0.5 | AA6: =IF(K6=0, "-", D6/K6) -> - | AB6: =if(C6=0, "-", ((0.69*M6)+(0.72*O6)+(0.88*H6)+(1.24*I6)+(1.57*J6)+(2*K6))/(D6+M6+O6+P6)) -> 0.615 | AC6: =if(D6=0, 0, sumif('POST Game Stats'!AD:AD, A6, 'POST Game Stats'!AC:AC)) -> 0 | AD6: 0 | AE6: =if(L6=0, "-", L6/(L6+AD6)) -> 1 | AF6: 0 | AG6: =iferror((F6-K6)/(D6-K6-N6+P6), "-") -> 0.66666667 | AH6: =iferror((R6-F6)/D6, "-") -> 0.36363636 | AI6: =iferror(2*(K6*L6)/(K6+L6), "-") -> 0
A7: Charlie Valencic (Sr) | B7: =COUNTIF('POST Game Stats'!A:A, A7) -> 4 | C7: =D7+M7+O7+P7+Q7 -> 12 | D7: =sumif('POST Game Stats'!$A:$A, $A7, 'POST Game Stats'!B:B) -> 10 | E7: =sumif('POST Game Stats'!$A:$A, $A7, 'POST Game Stats'!C:C) -> 4 | F7: =sumif('POST Game Stats'!$A:$A, $A7, 'POST Game Stats'!D:D) -> 3 | G7: =sumif('POST Game Stats'!$A:$A, $A7, 'POST Game Stats'!E:E) -> 1 | H7: =F7-(I7+J7+K7) -> 3 | I7: =sumif('POST Game Stats'!$A:$A, $A7, 'POST Game Stats'!G:G) -> 0 | J7: =sumif('POST Game Stats'!$A:$A, $A7, 'POST Game Stats'!H:H) -> 0 | K7: =sumif('POST Game Stats'!$A:$A, $A7, 'POST Game Stats'!I:I) -> 0 | L7: =sumif('POST Game Stats'!$A:$A, $A7, 'POST Game Stats'!Q:Q) -> 1 | M7: =sumif('POST Game Stats'!$A:$A, $A7, 'POST Game Stats'!J:J) -> 1 | N7: =sumif('POST Game Stats'!$A:$A, $A7, 'POST Game Stats'!K:K) -> 1 | O7: =sumif('POST Game Stats'!$A:$A, $A7, 'POST Game Stats'!N:N) -> 0 | P7: =sumif('POST Game Stats'!$A:$A, $A7, 'POST Game Stats'!L:L) -> 1 | Q7: =sumif('POST Game Stats'!$A:$A, $A7, 'POST Game Stats'!M:M) -> 0 | R7: =(H7+(2*I7)+(3*J7)+(4*K7)) -> 3 | S7: =iferror(if(C7=0,"-", F7/D7), 0) -> 0.3 | T7: =if(C7=0, "-", (F7+M7+O7)/(D7+M7+O7+P7)) -> 0.33333333 | U7: =iferror(if(C7=0, "-", R7/D7), 0) -> 0.3 | V7: =if(T7="-", "-", T7+U7) -> 0.63333333 | W7: =if(D7=0,"-", ((F7+M7)*R7)/(D7+M7)) -> 1.0909091 | X7: =if(C7=0, "-", M7/C7) -> 0.083333333 | Y7: =if(C7=0, "-", N7/C7) -> 0.083333333 | Z7: =ifs(Y7="-", "-", Y7=0, "0", Y7<>0, M7/N7) -> 1 | AA7: =IF(K7=0, "-", D7/K7) -> - | AB7: =if(C7=0, "-", ((0.69*M7)+(0.72*O7)+(0.88*H7)+(1.24*I7)+(1.57*J7)+(2*K7))/(D7+M7+O7+P7)) -> 0.2775 | AC7: =if(D7=0, 0, sumif('POST Game Stats'!AD:AD, A7, 'POST Game Stats'!AC:AC)) -> 4 | AD7: 0 | AE7: =if(L7=0, "-", L7/(L7+AD7)) -> 1 | AF7: 0 | AG7: =iferror((F7-K7)/(D7-K7-N7+P7), "-") -> 0.3 | AH7: =iferror((R7-F7)/D7, "-") -> 0 | AI7: =iferror(2*(K7*L7)/(K7+L7), "-") -> 0
A8: Conner Cuozzo (Jr) | B8: =COUNTIF('POST Game Stats'!A:A, A8) -> 4 | C8: =D8+M8+O8+P8+Q8 -> 13 | D8: =sumif('POST Game Stats'!$A:$A, $A8, 'POST Game Stats'!B:B) -> 8 | E8: =sumif('POST Game Stats'!$A:$A, $A8, 'POST Game Stats'!C:C) -> 5 | F8: =sumif('POST Game Stats'!$A:$A, $A8, 'POST Game Stats'!D:D) -> 2 | G8: =sumif('POST Game Stats'!$A:$A, $A8, 'POST Game Stats'!E:E) -> 2 | H8: =F8-(I8+J8+K8) -> 1 | I8: =sumif('POST Game Stats'!$A:$A, $A8, 'POST Game Stats'!G:G) -> 0 | J8: =sumif('POST Game Stats'!$A:$A, $A8, 'POST Game Stats'!H:H) -> 0 | K8: =sumif('POST Game Stats'!$A:$A, $A8, 'POST Game Stats'!I:I) -> 1 | L8: =sumif('POST Game Stats'!$A:$A, $A8, 'POST Game Stats'!Q:Q) -> 1 | M8: =sumif('POST Game Stats'!$A:$A, $A8, 'POST Game Stats'!J:J) -> 4 | N8: =sumif('POST Game Stats'!$A:$A, $A8, 'POST Game Stats'!K:K) -> 3 | O8: =sumif('POST Game Stats'!$A:$A, $A8, 'POST Game Stats'!N:N) -> 1 | P8: =sumif('POST Game Stats'!$A:$A, $A8, 'POST Game Stats'!L:L) -> 0 | Q8: =sumif('POST Game Stats'!$A:$A, $A8, 'POST Game Stats'!M:M) -> 0 | R8: =(H8+(2*I8)+(3*J8)+(4*K8)) -> 5 | S8: =iferror(if(C8=0,"-", F8/D8), 0) -> 0.25 | T8: =if(C8=0, "-", (F8+M8+O8)/(D8+M8+O8+P8)) -> 0.53846154 | U8: =iferror(if(C8=0, "-", R8/D8), 0) -> 0.625 | V8: =if(T8="-", "-", T8+U8) -> 1.1634615 | W8: =if(D8=0,"-", ((F8+M8)*R8)/(D8+M8)) -> 2.5 | X8: =if(C8=0, "-", M8/C8) -> 0.30769231 | Y8: =if(C8=0, "-", N8/C8) -> 0.23076923 | Z8: =ifs(Y8="-", "-", Y8=0, "0", Y8<>0, M8/N8) -> 1.3333333 | AA8: =IF(K8=0, "-", D8/K8) -> 8 | AB8: =if(C8=0, "-", ((0.69*M8)+(0.72*O8)+(0.88*H8)+(1.24*I8)+(1.57*J8)+(2*K8))/(D8+M8+O8+P8)) -> 0.48923077 | AC8: =if(D8=0, 0, sumif('POST Game Stats'!AD:AD, A8, 'POST Game Stats'!AC:AC)) -> 0 | AD8: 1 | AE8: =if(L8=0, "-", L8/(L8+AD8)) -> 0.5 | AF8: 0 | AG8: =iferror((F8-K8)/(D8-K8-N8+P8), "-") -> 0.25 | AH8: =iferror((R8-F8)/D8, "-") -> 0.375 | AI8: =iferror(2*(K8*L8)/(K8+L8), "-") -> 1
A9: Cooper Ridley (Sr) | B9: =COUNTIF('POST Game Stats'!A:A, A9) -> 0 | C9: =D9+M9+O9+P9+Q9 -> 0 | D9: =sumif('POST Game Stats'!$A:$A, $A9, 'POST Game Stats'!B:B) -> 0 | E9: =sumif('POST Game Stats'!$A:$A, $A9, 'POST Game Stats'!C:C) -> 0 | F9: =sumif('POST Game Stats'!$A:$A, $A9, 'POST Game Stats'!D:D) -> 0 | G9: =sumif('POST Game Stats'!$A:$A, $A9, 'POST Game Stats'!E:E) -> 0 | H9: =F9-(I9+J9+K9) -> 0 | I9: =sumif('POST Game Stats'!$A:$A, $A9, 'POST Game Stats'!G:G) -> 0 | J9: =sumif('POST Game Stats'!$A:$A, $A9, 'POST Game Stats'!H:H) -> 0 | K9: =sumif('POST Game Stats'!$A:$A, $A9, 'POST Game Stats'!I:I) -> 0 | L9: =sumif('POST Game Stats'!$A:$A, $A9, 'POST Game Stats'!Q:Q) -> 0 | M9: =sumif('POST Game Stats'!$A:$A, $A9, 'POST Game Stats'!J:J) -> 0 | N9: =sumif('POST Game Stats'!$A:$A, $A9, 'POST Game Stats'!K:K) -> 0 | O9: =sumif('POST Game Stats'!$A:$A, $A9, 'POST Game Stats'!N:N) -> 0 | P9: =sumif('POST Game Stats'!$A:$A, $A9, 'POST Game Stats'!L:L) -> 0 | Q9: =sumif('POST Game Stats'!$A:$A, $A9, 'POST Game Stats'!M:M) -> 0 | R9: =(H9+(2*I9)+(3*J9)+(4*K9)) -> 0 | S9: =iferror(if(C9=0,"-", F9/D9), 0) -> - | T9: =if(C9=0, "-", (F9+M9+O9)/(D9+M9+O9+P9)) -> - | U9: =iferror(if(C9=0, "-", R9/D9), 0) -> - | V9: =if(T9="-", "-", T9+U9) -> - | W9: =if(D9=0,"-", ((F9+M9)*R9)/(D9+M9)) -> - | X9: =if(C9=0, "-", M9/C9) -> - | Y9: =if(C9=0, "-", N9/C9) -> - | Z9: =ifs(Y9="-", "-", Y9=0, "0", Y9<>0, M9/N9) -> - | AA9: =IF(K9=0, "-", D9/K9) -> - | AB9: =if(C9=0, "-", ((0.69*M9)+(0.72*O9)+(0.88*H9)+(1.24*I9)+(1.57*J9)+(2*K9))/(D9+M9+O9+P9)) -> - | AC9: =if(D9=0, 0, sumif('POST Game Stats'!AD:AD, A9, 'POST Game Stats'!AC:AC)) -> 0 | AD9: 0 | AE9: =if(L9=0, "-", L9/(L9+AD9)) -> - | AF9: 0 | AG9: =iferror((F9-K9)/(D9-K9-N9+P9), "-") -> - | AH9: =iferror((R9-F9)/D9, "-") -> - | AI9: =iferror(2*(K9*L9)/(K9+L9), "-") -> -
A10: Donovan Glosser (So) | B10: =COUNTIF('POST Game Stats'!A:A, A10) -> 4 | C10: =D10+M10+O10+P10+Q10 -> 10 | D10: =sumif('POST Game Stats'!$A:$A, $A10, 'POST Game Stats'!B:B) -> 5 | E10: =sumif('POST Game Stats'!$A:$A, $A10, 'POST Game Stats'!C:C) -> 2 | F10: =sumif('POST Game Stats'!$A:$A, $A10, 'POST Game Stats'!D:D) -> 0 | G10: =sumif('POST Game Stats'!$A:$A, $A10, 'POST Game Stats'!E:E) -> 1 | H10: =F10-(I10+J10+K10) -> 0 | I10: =sumif('POST Game Stats'!$A:$A, $A10, 'POST Game Stats'!G:G) -> 0 | J10: =sumif('POST Game Stats'!$A:$A, $A10, 'POST Game Stats'!H:H) -> 0 | K10: =sumif('POST Game Stats'!$A:$A, $A10, 'POST Game Stats'!I:I) -> 0 | L10: =sumif('POST Game Stats'!$A:$A, $A10, 'POST Game Stats'!Q:Q) -> 0 | M10: =sumif('POST Game Stats'!$A:$A, $A10, 'POST Game Stats'!J:J) -> 2 | N10: =sumif('POST Game Stats'!$A:$A, $A10, 'POST Game Stats'!K:K) -> 0 | O10: =sumif('POST Game Stats'!$A:$A, $A10, 'POST Game Stats'!N:N) -> 1 | P10: =sumif('POST Game Stats'!$A:$A, $A10, 'POST Game Stats'!L:L) -> 1 | Q10: =sumif('POST Game Stats'!$A:$A, $A10, 'POST Game Stats'!M:M) -> 1 | R10: =(H10+(2*I10)+(3*J10)+(4*K10)) -> 0 | S10: =iferror(if(C10=0,"-", F10/D10), 0) -> 0 | T10: =if(C10=0, "-", (F10+M10+O10)/(D10+M10+O10+P10)) -> 0.33333333 | U10: =iferror(if(C10=0, "-", R10/D10), 0) -> 0 | V10: =if(T10="-", "-", T10+U10) -> 0.33333333 | W10: =if(D10=0,"-", ((F10+M10)*R10)/(D10+M10)) -> 0 | X10: =if(C10=0, "-", M10/C10) -> 0.2 | Y10: =if(C10=0, "-", N10/C10) -> 0 | Z10: =ifs(Y10="-", "-", Y10=0, "0", Y10<>0, M10/N10) -> 0 | AA10: =IF(K10=0, "-", D10/K10) -> - | AB10: =if(C10=0, "-", ((0.69*M10)+(0.72*O10)+(0.88*H10)+(1.24*I10)+(1.57*J10)+(2*K10))/(D10+M10+O10+P10)) -> 0.23333333 | AC10: =if(D10=0, 0, sumif('POST Game Stats'!AD:AD, A10, 'POST Game Stats'!AC:AC)) -> 2 | AD10: 0 | AE10: =if(L10=0, "-", L10/(L10+AD10)) -> - | AF10: 1 | AG10: =iferror((F10-K10)/(D10-K10-N10+P10), "-") -> 0 | AH10: =iferror((R10-F10)/D10, "-") -> 0 | AI10: =iferror(2*(K10*L10)/(K10+L10), "-") -> -
A11: Griffin Booth (Sr) | B11: =COUNTIF('POST Game Stats'!A:A, A11) -> 1 | C11: =D11+M11+O11+P11+Q11 -> 1 | D11: =sumif('POST Game Stats'!$A:$A, $A11, 'POST Game Stats'!B:B) -> 0 | E11: =sumif('POST Game Stats'!$A:$A, $A11, 'POST Game Stats'!C:C) -> 1 | F11: =sumif('POST Game Stats'!$A:$A, $A11, 'POST Game Stats'!D:D) -> 0 | G11: =sumif('POST Game Stats'!$A:$A, $A11, 'POST Game Stats'!E:E) -> 0 | H11: =F11-(I11+J11+K11) -> 0 | I11: =sumif('POST Game Stats'!$A:$A, $A11, 'POST Game Stats'!G:G) -> 0 | J11: =sumif('POST Game Stats'!$A:$A, $A11, 'POST Game Stats'!H:H) -> 0 | K11: =sumif('POST Game Stats'!$A:$A, $A11, 'POST Game Stats'!I:I) -> 0 | L11: =sumif('POST Game Stats'!$A:$A, $A11, 'POST Game Stats'!Q:Q) -> 0 | M11: =sumif('POST Game Stats'!$A:$A, $A11, 'POST Game Stats'!J:J) -> 1 | N11: =sumif('POST Game Stats'!$A:$A, $A11, 'POST Game Stats'!K:K) -> 0 | O11: =sumif('POST Game Stats'!$A:$A, $A11, 'POST Game Stats'!N:N) -> 0 | P11: =sumif('POST Game Stats'!$A:$A, $A11, 'POST Game Stats'!L:L) -> 0 | Q11: =sumif('POST Game Stats'!$A:$A, $A11, 'POST Game Stats'!M:M) -> 0 | R11: =(H11+(2*I11)+(3*J11)+(4*K11)) -> 0 | S11: =iferror(if(C11=0,"-", F11/D11), 0) -> 0 | T11: =if(C11=0, "-", (F11+M11+O11)/(D11+M11+O11+P11)) -> 1 | U11: =iferror(if(C11=0, "-", R11/D11), 0) -> 0 | V11: =if(T11="-", "-", T11+U11) -> 1 | W11: =if(D11=0,"-", ((F11+M11)*R11)/(D11+M11)) -> - | X11: =if(C11=0, "-", M11/C11) -> 1 | Y11: =if(C11=0, "-", N11/C11) -> 0 | Z11: =ifs(Y11="-", "-", Y11=0, "0", Y11<>0, M11/N11) -> 0 | AA11: =IF(K11=0, "-", D11/K11) -> - | AB11: =if(C11=0, "-", ((0.69*M11)+(0.72*O11)+(0.88*H11)+(1.24*I11)+(1.57*J11)+(2*K11))/(D11+M11+O11+P11)) -> 0.69 | AC11: =if(D11=0, 0, sumif('POST Game Stats'!AD:AD, A11, 'POST Game Stats'!AC:AC)) -> 0 | AD11: 0 | AE11: =if(L11=0, "-", L11/(L11+AD11)) -> - | AF11: 0 | AG11: =iferror((F11-K11)/(D11-K11-N11+P11), "-") -> - | AH11: =iferror((R11-F11)/D11, "-") -> - | AI11: =iferror(2*(K11*L11)/(K11+L11), "-") -> -
A12: Jackson Porta (Sr) | B12: =COUNTIF('POST Game Stats'!A:A, A12) -> 4 | C12: =D12+M12+O12+P12+Q12 -> 11 | D12: =sumif('POST Game Stats'!$A:$A, $A12, 'POST Game Stats'!B:B) -> 9 | E12: =sumif('POST Game Stats'!$A:$A, $A12, 'POST Game Stats'!C:C) -> 3 | F12: =sumif('POST Game Stats'!$A:$A, $A12, 'POST Game Stats'!D:D) -> 3 | G12: =sumif('POST Game Stats'!$A:$A, $A12, 'POST Game Stats'!E:E) -> 3 | H12: =F12-(I12+J12+K12) -> 3 | I12: =sumif('POST Game Stats'!$A:$A, $A12, 'POST Game Stats'!G:G) -> 0 | J12: =sumif('POST Game Stats'!$A:$A, $A12, 'POST Game Stats'!H:H) -> 0 | K12: =sumif('POST Game Stats'!$A:$A, $A12, 'POST Game Stats'!I:I) -> 0 | L12: =sumif('POST Game Stats'!$A:$A, $A12, 'POST Game Stats'!Q:Q) -> 2 | M12: =sumif('POST Game Stats'!$A:$A, $A12, 'POST Game Stats'!J:J) -> 0 | N12: =sumif('POST Game Stats'!$A:$A, $A12, 'POST Game Stats'!K:K) -> 1 | O12: =sumif('POST Game Stats'!$A:$A, $A12, 'POST Game Stats'!N:N) -> 0 | P12: =sumif('POST Game Stats'!$A:$A, $A12, 'POST Game Stats'!L:L) -> 0 | Q12: =sumif('POST Game Stats'!$A:$A, $A12, 'POST Game Stats'!M:M) -> 2 | R12: =(H12+(2*I12)+(3*J12)+(4*K12)) -> 3 | S12: =iferror(if(C12=0,"-", F12/D12), 0) -> 0.33333333 | T12: =if(C12=0, "-", (F12+M12+O12)/(D12+M12+O12+P12)) -> 0.33333333 | U12: =iferror(if(C12=0, "-", R12/D12), 0) -> 0.33333333 | V12: =if(T12="-", "-", T12+U12) -> 0.66666667 | W12: =if(D12=0,"-", ((F12+M12)*R12)/(D12+M12)) -> 1 | X12: =if(C12=0, "-", M12/C12) -> 0 | Y12: =if(C12=0, "-", N12/C12) -> 0.090909091 | Z12: =ifs(Y12="-", "-", Y12=0, "0", Y12<>0, M12/N12) -> 0 | AA12: =IF(K12=0, "-", D12/K12) -> - | AB12: =if(C12=0, "-", ((0.69*M12)+(0.72*O12)+(0.88*H12)+(1.24*I12)+(1.57*J12)+(2*K12))/(D12+M12+O12+P12)) -> 0.29333333 | AC12: =if(D12=0, 0, sumif('POST Game Stats'!AD:AD, A12, 'POST Game Stats'!AC:AC)) -> 0 | AD12: 0 | AE12: =if(L12=0, "-", L12/(L12+AD12)) -> 1 | AF12: 0 | AG12: =iferror((F12-K12)/(D12-K12-N12+P12), "-") -> 0.375 | AH12: =iferror((R12-F12)/D12, "-") -> 0 | AI12: =iferror(2*(K12*L12)/(K12+L12), "-") -> 0
A13: Jake Bell (Sr) | B13: =COUNTIF('POST Game Stats'!A:A, A13) -> 1 | C13: =D13+M13+O13+P13+Q13 -> 2 | D13: =sumif('POST Game Stats'!$A:$A, $A13, 'POST Game Stats'!B:B) -> 2 | E13: =sumif('POST Game Stats'!$A:$A, $A13, 'POST Game Stats'!C:C) -> 0 | F13: =sumif('POST Game Stats'!$A:$A, $A13, 'POST Game Stats'!D:D) -> 1 | G13: =sumif('POST Game Stats'!$A:$A, $A13, 'POST Game Stats'!E:E) -> 1 | H13: =F13-(I13+J13+K13) -> 1 | I13: =sumif('POST Game Stats'!$A:$A, $A13, 'POST Game Stats'!G:G) -> 0 | J13: =sumif('POST Game Stats'!$A:$A, $A13, 'POST Game Stats'!H:H) -> 0 | K13: =sumif('POST Game Stats'!$A:$A, $A13, 'POST Game Stats'!I:I) -> 0 | L13: =sumif('POST Game Stats'!$A:$A, $A13, 'POST Game Stats'!Q:Q) -> 0 | M13: =sumif('POST Game Stats'!$A:$A, $A13, 'POST Game Stats'!J:J) -> 0 | N13: =sumif('POST Game Stats'!$A:$A, $A13, 'POST Game Stats'!K:K) -> 0 | O13: =sumif('POST Game Stats'!$A:$A, $A13, 'POST Game Stats'!N:N) -> 0 | P13: =sumif('POST Game Stats'!$A:$A, $A13, 'POST Game Stats'!L:L) -> 0 | Q13: =sumif('POST Game Stats'!$A:$A, $A13, 'POST Game Stats'!M:M) -> 0 | R13: =(H13+(2*I13)+(3*J13)+(4*K13)) -> 1 | S13: =iferror(if(C13=0,"-", F13/D13), 0) -> 0.5 | T13: =if(C13=0, "-", (F13+M13+O13)/(D13+M13+O13+P13)) -> 0.5 | U13: =iferror(if(C13=0, "-", R13/D13), 0) -> 0.5 | V13: =if(T13="-", "-", T13+U13) -> 1 | W13: =if(D13=0,"-", ((F13+M13)*R13)/(D13+M13)) -> 0.5 | X13: =if(C13=0, "-", M13/C13) -> 0 | Y13: =if(C13=0, "-", N13/C13) -> 0 | Z13: =ifs(Y13="-", "-", Y13=0, "0", Y13<>0, M13/N13) -> 0 | AA13: =IF(K13=0, "-", D13/K13) -> - | AB13: =if(C13=0, "-", ((0.69*M13)+(0.72*O13)+(0.88*H13)+(1.24*I13)+(1.57*J13)+(2*K13))/(D13+M13+O13+P13)) -> 0.44 | AC13: =if(D13=0, 0, sumif('POST Game Stats'!AD:AD, A13, 'POST Game Stats'!AC:AC)) -> 0 | AD13: 0 | AE13: =if(L13=0, "-", L13/(L13+AD13)) -> - | AF13: 0 | AG13: =iferror((F13-K13)/(D13-K13-N13+P13), "-") -> 0.5 | AH13: =iferror((R13-F13)/D13, "-") -> 0 | AI13: =iferror(2*(K13*L13)/(K13+L13), "-") -> -
A14: Jovan Love (Sr) | B14: =COUNTIF('POST Game Stats'!A:A, A14) -> 4 | C14: =D14+M14+O14+P14+Q14 -> 12 | D14: =sumif('POST Game Stats'!$A:$A, $A14, 'POST Game Stats'!B:B) -> 10 | E14: =sumif('POST Game Stats'!$A:$A, $A14, 'POST Game Stats'!C:C) -> 3 | F14: =sumif('POST Game Stats'!$A:$A, $A14, 'POST Game Stats'!D:D) -> 2 | G14: =sumif('POST Game Stats'!$A:$A, $A14, 'POST Game Stats'!E:E) -> 4 | H14: =F14-(I14+J14+K14) -> 1 | I14: =sumif('POST Game Stats'!$A:$A, $A14, 'POST Game Stats'!G:G) -> 0 | J14: =sumif('POST Game Stats'!$A:$A, $A14, 'POST Game Stats'!H:H) -> 1 | K14: =sumif('POST Game Stats'!$A:$A, $A14, 'POST Game Stats'!I:I) -> 0 | L14: =sumif('POST Game Stats'!$A:$A, $A14, 'POST Game Stats'!Q:Q) -> 1 | M14: =sumif('POST Game Stats'!$A:$A, $A14, 'POST Game Stats'!J:J) -> 2 | N14: =sumif('POST Game Stats'!$A:$A, $A14, 'POST Game Stats'!K:K) -> 3 | O14: =sumif('POST Game Stats'!$A:$A, $A14, 'POST Game Stats'!N:N) -> 0 | P14: =sumif('POST Game Stats'!$A:$A, $A14, 'POST Game Stats'!L:L) -> 0 | Q14: =sumif('POST Game Stats'!$A:$A, $A14, 'POST Game Stats'!M:M) -> 0 | R14: =(H14+(2*I14)+(3*J14)+(4*K14)) -> 4 | S14: =iferror(if(C14=0,"-", F14/D14), 0) -> 0.2 | T14: =if(C14=0, "-", (F14+M14+O14)/(D14+M14+O14+P14)) -> 0.33333333 | U14: =iferror(if(C14=0, "-", R14/D14), 0) -> 0.4 | V14: =if(T14="-", "-", T14+U14) -> 0.73333333 | W14: =if(D14=0,"-", ((F14+M14)*R14)/(D14+M14)) -> 1.3333333 | X14: =if(C14=0, "-", M14/C14) -> 0.16666667 | Y14: =if(C14=0, "-", N14/C14) -> 0.25 | Z14: =ifs(Y14="-", "-", Y14=0, "0", Y14<>0, M14/N14) -> 0.66666667 | AA14: =IF(K14=0, "-", D14/K14) -> - | AB14: =if(C14=0, "-", ((0.69*M14)+(0.72*O14)+(0.88*H14)+(1.24*I14)+(1.57*J14)+(2*K14))/(D14+M14+O14+P14)) -> 0.31916667 | AC14: =if(D14=0, 0, sumif('POST Game Stats'!AD:AD, A14, 'POST Game Stats'!AC:AC)) -> 4 | AD14: 0 | AE14: =if(L14=0, "-", L14/(L14+AD14)) -> 1 | AF14: 0 | AG14: =iferror((F14-K14)/(D14-K14-N14+P14), "-") -> 0.28571429 | AH14: =iferror((R14-F14)/D14, "-") -> 0.2 | AI14: =iferror(2*(K14*L14)/(K14+L14), "-") -> 0
... A21: Will Schirmer (Sr) | B21: =COUNTIF('POST Game Stats'!A:A, A21) -> 4 | C21: =D21+M21+O21+P21+Q21 -> 14 | D21: =sumif('POST Game Stats'!$A:$A, $A21, 'POST Game Stats'!B:B) -> 11 | E21: =sumif('POST Game Stats'!$A:$A, $A21, 'POST Game Stats'!C:C) -> 5 | F21: =sumif('POST Game Stats'!$A:$A, $A21, 'POST Game Stats'!D:D) -> 6 | G21: =sumif('POST Game Stats'!$A:$A, $A21, 'POST Game Stats'!E:E) -> 4 | H21: =F21-(I21+J21+K21) -> 5 | I21: =sumif('POST Game Stats'!$A:$A, $A21, 'POST Game Stats'!G:G) -> 0 | J21: =sumif('POST Game Stats'!$A:$A, $A21, 'POST Game Stats'!H:H) -> 0 | K21: =sumif('POST Game Stats'!$A:$A, $A21, 'POST Game Stats'!I:I) -> 1 | L21: =sumif('POST Game Stats'!$A:$A, $A21, 'POST Game Stats'!Q:Q) -> 1 | M21: =sumif('POST Game Stats'!$A:$A, $A21, 'POST Game Stats'!J:J) -> 1 | N21: =sumif('POST Game Stats'!$A:$A, $A21, 'POST Game Stats'!K:K) -> 1 | O21: =sumif('POST Game Stats'!$A:$A, $A21, 'POST Game Stats'!N:N) -> 0 | P21: =sumif('POST Game Stats'!$A:$A, $A21, 'POST Game Stats'!L:L) -> 0 | Q21: =sumif('POST Game Stats'!$A:$A, $A21, 'POST Game Stats'!M:M) -> 2 | R21: =(H21+(2*I21)+(3*J21)+(4*K21)) -> 9 | S21: =iferror(if(C21=0,"-", F21/D21), 0) -> 0.54545455 | T21: =if(C21=0, "-", (F21+M21+O21)/(D21+M21+O21+P21)) -> 0.58333333 | U21: =iferror(if(C21=0, "-", R21/D21), 0) -> 0.81818182 | V21: =if(T21="-", "-", T21+U21) -> 1.4015152 | W21: =if(D21=0,"-", ((F21+M21)*R21)/(D21+M21)) -> 5.25 | X21: =if(C21=0, "-", M21/C21) -> 0.071428571 | Y21: =if(C21=0, "-", N21/C21) -> 0.071428571 | Z21: =ifs(Y21="-", "-", Y21=0, "0", Y21<>0, M21/N21) -> 1 | AA21: =IF(K21=0, "-", D21/K21) -> 11 | AB21: =if(C21=0, "-", ((0.69*M21)+(0.72*O21)+(0.88*H21)+(1.24*I21)+(1.57*J21)+(2*K21))/(D21+M21+O21+P21)) -> 0.59083333 | AC21: =if(D21=0, 0, sumif('POST Game Stats'!AD:AD, A21, 'POST Game Stats'!AC:AC)) -> 2 | AD21: 1 | AE21: =if(L21=0, "-", L21/(L21+AD21)) -> 0.5 | AF21: 2 | AG21: =iferror((F21-K21)/(D21-K21-N21+P21), "-") -> 0.55555556 | AH21: =iferror((R21-F21)/D21, "-") -> 0.27272727 | AI21: =iferror(2*(K21*L21)/(K21+L21), "-") -> 1
A22: Totals | C22: =sum(C3:C21) -> 126 | D22: =sum(D3:D21) -> 98 | E22: =sum(E3:E21) -> 43 | F22: =sum(F3:F21) -> 36 | G22: =sum(G3:G21) -> 36 | H22: =F22-(I22+J22+K22) -> 25 | I22: =sum(I3:I21) -> 5 | J22: =sum(J3:J21) -> 2 | K22: =sum(K3:K21) -> 4 | L22: =sum(L3:L21) -> 14 | M22: =sum(M3:M21) -> 18 | N22: =sum(N3:N21) -> 16 | O22: =sum(O3:O21) -> 2 | P22: =sum(P3:P21) -> 3 | Q22: =sum(Q3:Q21) -> 5 | R22: =(H22+(2*I22)+(3*J22)+(4*K22)) -> 57 | S22: =iferror(F22/D22, 0) -> 0.36734694 | T22: =iferror((F22+M22+O22)/(D22+M22+O22+P22), 0) -> 0.46280992 | U22: =iferror(R22/D22, 0) -> 0.58163265 | V22: =T22+U22 -> 1.0444426 | W22: =iferror(((F22+M22)*R22)/(D22+M22), 0) -> 26.534483 | X22: =iferror(M22/C22, 0) -> 0.14285714 | Y22: =iferror(N22/C22, 0) -> 0.12698413 | Z22: =ifs(Y22="-", "-", Y22=0, "0", Y22<>0, M22/N22) -> 1.125 | AA22: =IF(K22=0, "-", D22/K22) -> 24.5 | AB22: =if(D22=0, "-", ((0.69*M22)+(0.72*O22)+(0.88*H22)+(1.24*I22)+(1.57*J22)+(2*K22))/(D22+M22+O22+P22)) -> 0.43966942 | AC22: =sum(AC3:AC21) -> 16 | AD22: =sum(AD3:AD21) -> 2 | AE22: =if(L22=0, "-", L22/(L22+AD22)) -> 0.875 | AF22: =SUM(AF3:AF21) -> 4 | AG22: =iferror((F22-K22)/(D22-K22-N22+P22), "-") -> 0.39506173 | AH22: =iferror((R22-F22)/D22, "-") -> 0.21428571 | AI22: =iferror(2*(K22*L22)/(K22+L22), "-") -> 6.2222222
A24: Pitching Totals
A25: PLAYER | B25: G | C25: W-L% | D25: GS | E25: CG | F25: Full IP | G25: Partial IP | H25: IP | I25: H | J25: R | K25: ER | L25: BB | M25: K | N25: HR | O25: W | P25: L | Q25: SV | R25: SHO | S25: WHIP | T25: ERA | U25: H/7 | V25: BB/7 | W25: K/7 | X25: K/9 | Y25: HR/7 | Z25: BB/K | AA25: ERRORS
A26: Braylon Connell (Sr) | B26: =COUNTIF('POST Game Stats'!R:R, A26) -> 1 | C26: =IF((O26+P26)=0, "-", O26/(O26+P26)) -> - | D26: 0 | E26: 0 | F26: 1 | G26: =2/3 -> 0.66666667 | H26: =F26+ifs(G26=1/3, 0.1, G26=2/3, 0.2, G26=0, 0) -> 1.2 | I26: =sumif('POST Game Stats'!$R:$R, $A26, 'POST Game Stats'!T:T) -> 1 | J26: =sumif('POST Game Stats'!$R:$R, $A26, 'POST Game Stats'!U:U) -> 1 | K26: =sumif('POST Game Stats'!$R:$R, $A26, 'POST Game Stats'!V:V) -> 1 | L26: =sumif('POST Game Stats'!$R:$R, $A26, 'POST Game Stats'!W:W) -> 1 | M26: =sumif('POST Game Stats'!$R:$R, $A26, 'POST Game Stats'!X:X) -> 2 | N26: =sumif('POST Game Stats'!$R:$R, $A26, 'POST Game Stats'!Y:Y) -> 0 | O26: 0 | P26: 0 | Q26: 0 | R26: 0 | S26: =if(F26=0, "-", (L26+I26)/(F26+G26)) -> 1.2 | T26: =if(F26=0, "-", (K26/(F26+G26))*7) -> 4.2 | U26: =if(F26=0, "-", 7*(I26/(F26+G26))) -> 4.2 | V26: =if(F26=0, "-", 7*(L26/(F26+G26))) -> 4.2 | W26: =if(F26=0, "-", 7*(M26/(F26+G26))) -> 8.4 | X26: =if(F26=0, "-", 9*(M26/(F26+G26))) -> 10.8 | Y26: =if(F26=0, "-", 7*(N26/(F26+G26))) -> 0 | Z26: =if(M26=0,"-", L26/M26) -> 0.5 | AA26: 0
A27: Carter Christenson (Sr) | B27: =COUNTIF('POST Game Stats'!R:R, A27) -> 0 | C27: =IF((O27+P27)=0, "-", O27/(O27+P27)) -> - | D27: 0 | E27: 0 | F27: 0 | G27: 0 | H27: =F27+ifs(G27=1/3, 0.1, G27=2/3, 0.2, G27=0, 0) -> 0 | I27: =sumif('POST Game Stats'!$R:$R, $A27, 'POST Game Stats'!T:T) -> 0 | J27: =sumif('POST Game Stats'!$R:$R, $A27, 'POST Game Stats'!U:U) -> 0 | K27: =sumif('POST Game Stats'!$R:$R, $A27, 'POST Game Stats'!V:V) -> 0 | L27: =sumif('POST Game Stats'!$R:$R, $A27, 'POST Game Stats'!W:W) -> 0 | M27: =sumif('POST Game Stats'!$R:$R, $A27, 'POST Game Stats'!X:X) -> 0 | N27: =sumif('POST Game Stats'!$R:$R, $A27, 'POST Game Stats'!Y:Y) -> 0 | O27: 0 | P27: 0 | Q27: 0 | R27: 0 | S27: =if(F27=0, "-", (L27+I27)/(F27+G27)) -> - | T27: =if(F27=0, "-", (K27/(F27+G27))*7) -> - | U27: =if(F27=0, "-", 7*(I27/(F27+G27))) -> - | V27: =if(F27=0, "-", 7*(L27/(F27+G27))) -> - | W27: =if(F27=0, "-", 7*(M27/(F27+G27))) -> - | X27: =if(F27=0, "-", 9*(M27/(F27+G27))) -> - | Y27: =if(F27=0, "-", 7*(N27/(F27+G27))) -> - | Z27: =if(M27=0,"-", L27/M27) -> - | AA27: 0
A28: Connor Fuhrer (Sr) | B28: =COUNTIF('POST Game Stats'!R:R, A28) -> 2 | C28: =IF((O28+P28)=0, "-", O28/(O28+P28)) -> 1 | D28: 2 | E28: 1 | F28: 9 | G28: 0 | H28: =F28+ifs(G28=1/3, 0.1, G28=2/3, 0.2, G28=0, 0) -> 9 | I28: =sumif('POST Game Stats'!$R:$R, $A28, 'POST Game Stats'!T:T) -> 7 | J28: =sumif('POST Game Stats'!$R:$R, $A28, 'POST Game Stats'!U:U) -> 5 | K28: =sumif('POST Game Stats'!$R:$R, $A28, 'POST Game Stats'!V:V) -> 5 | L28: =sumif('POST Game Stats'!$R:$R, $A28, 'POST Game Stats'!W:W) -> 3 | M28: =sumif('POST Game Stats'!$R:$R, $A28, 'POST Game Stats'!X:X) -> 9 | N28: =sumif('POST Game Stats'!$R:$R, $A28, 'POST Game Stats'!Y:Y) -> 0 | O28: 2 | P28: 0 | Q28: 0 | R28: 1 | S28: =if(F28=0, "-", (L28+I28)/(F28+G28)) -> 1.1111111 | T28: =if(F28=0, "-", (K28/(F28+G28))*7) -> 3.8888889 | U28: =if(F28=0, "-", 7*(I28/(F28+G28))) -> 5.4444444 | V28: =if(F28=0, "-", 7*(L28/(F28+G28))) -> 2.3333333 | W28: =if(F28=0, "-", 7*(M28/(F28+G28))) -> 7 | X28: =if(F28=0, "-", 9*(M28/(F28+G28))) -> 9 | Y28: =if(F28=0, "-", 7*(N28/(F28+G28))) -> 0 | Z28: =if(M28=0,"-", L28/M28) -> 0.33333333 | AA28: 0
A29: Connor Scoggins (Sr) | B29: =COUNTIF('POST Game Stats'!R:R, A29) -> 0 | C29: =IF((O29+P29)=0, "-", O29/(O29+P29)) -> - | D29: 0 | E29: 0 | F29: 0 | G29: 0 | H29: =F29+ifs(G29=1/3, 0.1, G29=2/3, 0.2, G29=0, 0) -> 0 | I29: =sumif('POST Game Stats'!$R:$R, $A29, 'POST Game Stats'!T:T) -> 0 | J29: =sumif('POST Game Stats'!$R:$R, $A29, 'POST Game Stats'!U:U) -> 0 | K29: =sumif('POST Game Stats'!$R:$R, $A29, 'POST Game Stats'!V:V) -> 0 | L29: =sumif('POST Game Stats'!$R:$R, $A29, 'POST Game Stats'!W:W) -> 0 | M29: =sumif('POST Game Stats'!$R:$R, $A29, 'POST Game Stats'!X:X) -> 0 | N29: =sumif('POST Game Stats'!$R:$R, $A29, 'POST Game Stats'!Y:Y) -> 0 | O29: 0 | P29: 0 | Q29: 0 | R29: 0 | S29: =if(F29=0, "-", (L29+I29)/(F29+G29)) -> - | T29: =if(F29=0, "-", (K29/(F29+G29))*7) -> - | U29: =if(F29=0, "-", 7*(I29/(F29+G29))) -> - | V29: =if(F29=0, "-", 7*(L29/(F29+G29))) -> - | W29: =if(F29=0, "-", 7*(M29/(F29+G29))) -> - | X29: =if(F29=0, "-", 9*(M29/(F29+G29))) -> - | Y29: =if(F29=0, "-", 7*(N29/(F29+G29))) -> - | Z29: =if(M29=0,"-", L29/M29) -> - | AA29: 0
A30: Finn O'Keefe (Sr) | B30: =COUNTIF('POST Game Stats'!R:R, A30) -> 0 | C30: =IF((O30+P30)=0, "-", O30/(O30+P30)) -> - | D30: 0 | E30: 0 | F30: 0 | G30: 0 | H30: =F30+ifs(G30=1/3, 0.1, G30=2/3, 0.2, G30=0, 0) -> 0 | I30: =sumif('POST Game Stats'!$R:$R, $A30, 'POST Game Stats'!T:T) -> 0 | J30: =sumif('POST Game Stats'!$R:$R, $A30, 'POST Game Stats'!U:U) -> 0 | K30: =sumif('POST Game Stats'!$R:$R, $A30, 'POST Game Stats'!V:V) -> 0 | L30: =sumif('POST Game Stats'!$R:$R, $A30, 'POST Game Stats'!W:W) -> 0 | M30: =sumif('POST Game Stats'!$R:$R, $A30, 'POST Game Stats'!X:X) -> 0 | N30: =sumif('POST Game Stats'!$R:$R, $A30, 'POST Game Stats'!Y:Y) -> 0 | O30: 0 | P30: 0 | Q30: 0 | R30: 0 | S30: =if(F30=0, "-", (L30+I30)/(F30+G30)) -> - | T30: =if(F30=0, "-", (K30/(F30+G30))*7) -> - | U30: =if(F30=0, "-", 7*(I30/(F30+G30))) -> - | V30: =if(F30=0, "-", 7*(L30/(F30+G30))) -> - | W30: =if(F30=0, "-", 7*(M30/(F30+G30))) -> - | X30: =if(F30=0, "-", 9*(M30/(F30+G30))) -> - | Y30: =if(F30=0, "-", 7*(N30/(F30+G30))) -> - | Z30: =if(M30=0,"-", L30/M30) -> - | AA30: 0
A31: Jake Gaerke (Jr) | B31: =COUNTIF('POST Game Stats'!R:R, A31) -> 0 | C31: =IF((O31+P31)=0, "-", O31/(O31+P31)) -> - | D31: 0 | E31: 0 | F31: 0 | G31: 0 | H31: =F31+ifs(G31=1/3, 0.1, G31=2/3, 0.2, G31=0, 0) -> 0 | I31: =sumif('POST Game Stats'!$R:$R, $A31, 'POST Game Stats'!T:T) -> 0 | J31: =sumif('POST Game Stats'!$R:$R, $A31, 'POST Game Stats'!U:U) -> 0 | K31: =sumif('POST Game Stats'!$R:$R, $A31, 'POST Game Stats'!V:V) -> 0 | L31: =sumif('POST Game Stats'!$R:$R, $A31, 'POST Game Stats'!W:W) -> 0 | M31: =sumif('POST Game Stats'!$R:$R, $A31, 'POST Game Stats'!X:X) -> 0 | N31: =sumif('POST Game Stats'!$R:$R, $A31, 'POST Game Stats'!Y:Y) -> 0 | O31: 0 | P31: 0 | Q31: 0 | R31: 0 | S31: =if(F31=0, "-", (L31+I31)/(F31+G31)) -> - | T31: =if(F31=0, "-", (K31/(F31+G31))*7) -> - | U31: =if(F31=0, "-", 7*(I31/(F31+G31))) -> - | V31: =if(F31=0, "-", 7*(L31/(F31+G31))) -> - | W31: =if(F31=0, "-", 7*(M31/(F31+G31))) -> - | X31: =if(F31=0, "-", 9*(M31/(F31+G31))) -> - | Y31: =if(F31=0, "-", 7*(N31/(F31+G31))) -> - | Z31: =if(M31=0,"-", L31/M31) -> - | AA31: 0
A32: Joey Watts (Sr) | B32: =COUNTIF('POST Game Stats'!R:R, A32) -> 0 | C32: =IF((O32+P32)=0, "-", O32/(O32+P32)) -> - | D32: 0 | E32: 0 | F32: 0 | G32: 0 | H32: =F32+ifs(G32=1/3, 0.1, G32=2/3, 0.2, G32=0, 0) -> 0 | I32: =sumif('POST Game Stats'!$R:$R, $A32, 'POST Game Stats'!T:T) -> 0 | J32: =sumif('POST Game Stats'!$R:$R, $A32, 'POST Game Stats'!U:U) -> 0 | K32: =sumif('POST Game Stats'!$R:$R, $A32, 'POST Game Stats'!V:V) -> 0 | L32: =sumif('POST Game Stats'!$R:$R, $A32, 'POST Game Stats'!W:W) -> 0 | M32: =sumif('POST Game Stats'!$R:$R, $A32, 'POST Game Stats'!X:X) -> 0 | N32: =sumif('POST Game Stats'!$R:$R, $A32, 'POST Game Stats'!Y:Y) -> 0 | O32: 0 | P32: 0 | Q32: 0 | R32: 0 | S32: =if(F32=0, "-", (L32+I32)/(F32+G32)) -> - | T32: =if(F32=0, "-", (K32/(F32+G32))*7) -> - | U32: =if(F32=0, "-", 7*(I32/(F32+G32))) -> - | V32: =if(F32=0, "-", 7*(L32/(F32+G32))) -> - | W32: =if(F32=0, "-", 7*(M32/(F32+G32))) -> - | X32: =if(F32=0, "-", 9*(M32/(F32+G32))) -> - | Y32: =if(F32=0, "-", 7*(N32/(F32+G32))) -> - | Z32: =if(M32=0,"-", L32/M32) -> - | AA32: 0
A33: Logan Rosenberger (Sr) | B33: =COUNTIF('POST Game Stats'!R:R, A33) -> 0 | C33: =IF((O33+P33)=0, "-", O33/(O33+P33)) -> - | D33: 0 | E33: 0 | F33: 0 | G33: 0 | H33: =F33+ifs(G33=1/3, 0.1, G33=2/3, 0.2, G33=0, 0) -> 0 | I33: =sumif('POST Game Stats'!$R:$R, $A33, 'POST Game Stats'!T:T) -> 0 | J33: =sumif('POST Game Stats'!$R:$R, $A33, 'POST Game Stats'!U:U) -> 0 | K33: =sumif('POST Game Stats'!$R:$R, $A33, 'POST Game Stats'!V:V) -> 0 | L33: =sumif('POST Game Stats'!$R:$R, $A33, 'POST Game Stats'!W:W) -> 0 | M33: =sumif('POST Game Stats'!$R:$R, $A33, 'POST Game Stats'!X:X) -> 0 | N33: =sumif('POST Game Stats'!$R:$R, $A33, 'POST Game Stats'!Y:Y) -> 0 | O33: 0 | P33: 0 | Q33: 0 | R33: 0 | S33: =if(F33=0, "-", (L33+I33)/(F33+G33)) -> - | T33: =if(F33=0, "-", (K33/(F33+G33))*7) -> - | U33: =if(F33=0, "-", 7*(I33/(F33+G33))) -> - | V33: =if(F33=0, "-", 7*(L33/(F33+G33))) -> - | W33: =if(F33=0, "-", 7*(M33/(F33+G33))) -> - | X33: =if(F33=0, "-", 9*(M33/(F33+G33))) -> - | Y33: =if(F33=0, "-", 7*(N33/(F33+G33))) -> - | Z33: =if(M33=0,"-", L33/M33) -> - | AA33: 0
A34: Luke Pappano (Sr) | B34: =COUNTIF('POST Game Stats'!R:R, A34) -> 2 | C34: =IF((O34+P34)=0, "-", O34/(O34+P34)) -> - | D34: 0 | E34: 0 | F34: 4 | G34: =1/3 -> 0.33333333 | H34: =F34+ifs(G34=1/3, 0.1, G34=2/3, 0.2, G34=0, 0) -> 4.1 | I34: =sumif('POST Game Stats'!$R:$R, $A34, 'POST Game Stats'!T:T) -> 3 | J34: =sumif('POST Game Stats'!$R:$R, $A34, 'POST Game Stats'!U:U) -> 3 | K34: =sumif('POST Game Stats'!$R:$R, $A34, 'POST Game Stats'!V:V) -> 2 | L34: =sumif('POST Game Stats'!$R:$R, $A34, 'POST Game Stats'!W:W) -> 2 | M34: =sumif('POST Game Stats'!$R:$R, $A34, 'POST Game Stats'!X:X) -> 4 | N34: =sumif('POST Game Stats'!$R:$R, $A34, 'POST Game Stats'!Y:Y) -> 0 | O34: 0 | P34: 0 | Q34: 2 | R34: 0 | S34: =if(F34=0, "-", (L34+I34)/(F34+G34)) -> 1.1538462 | T34: =if(F34=0, "-", (K34/(F34+G34))*7) -> 3.2307692 | U34: =if(F34=0, "-", 7*(I34/(F34+G34))) -> 4.8461538 | V34: =if(F34=0, "-", 7*(L34/(F34+G34))) -> 3.2307692 | W34: =if(F34=0, "-", 7*(M34/(F34+G34))) -> 6.4615385 | X34: =if(F34=0, "-", 9*(M34/(F34+G34))) -> 8.3076923 | Y34: =if(F34=0, "-", 7*(N34/(F34+G34))) -> 0 | Z34: =if(M34=0,"-", L34/M34) -> 0.5 | AA34: 0
A35: Matt Ponatoski (Jr) | B35: =COUNTIF('POST Game Stats'!R:R, A35) -> 1 | C35: =IF((O35+P35)=0, "-", O35/(O35+P35)) -> - | D35: 0 | E35: 0 | F35: 1 | G35: 0 | H35: =F35+ifs(G35=1/3, 0.1, G35=2/3, 0.2, G35=0, 0) -> 1 | I35: =sumif('POST Game Stats'!$R:$R, $A35, 'POST Game Stats'!T:T) -> 0 | J35: =sumif('POST Game Stats'!$R:$R, $A35, 'POST Game Stats'!U:U) -> 0 | K35: =sumif('POST Game Stats'!$R:$R, $A35, 'POST Game Stats'!V:V) -> 0 | L35: =sumif('POST Game Stats'!$R:$R, $A35, 'POST Game Stats'!W:W) -> 1 | M35: =sumif('POST Game Stats'!$R:$R, $A35, 'POST Game Stats'!X:X) -> 1 | N35: =sumif('POST Game Stats'!$R:$R, $A35, 'POST Game Stats'!Y:Y) -> 0 | O35: 0 | P35: 0 | Q35: 0 | R35: 0 | S35: =if(F35=0, "-", (L35+I35)/(F35+G35)) -> 1 | T35: =if(F35=0, "-", (K35/(F35+G35))*7) -> 0 | U35: =if(F35=0, "-", 7*(I35/(F35+G35))) -> 0 | V35: =if(F35=0, "-", 7*(L35/(F35+G35))) -> 7 | W35: =if(F35=0, "-", 7*(M35/(F35+G35))) -> 7 | X35: =if(F35=0, "-", 9*(M35/(F35+G35))) -> 9 | Y35: =if(F35=0, "-", 7*(N35/(F35+G35))) -> 0 | Z35: =if(M35=0,"-", L35/M35) -> 1 | AA35: 0
A36: Nathan McDowell (So) | B36: =COUNTIF('POST Game Stats'!R:R, A36) -> 0 | C36: =IF((O36+P36)=0, "-", O36/(O36+P36)) -> - | D36: 0 | E36: 0 | F36: 0 | G36: 0 | H36: =F36+ifs(G36=1/3, 0.1, G36=2/3, 0.2, G36=0, 0) -> 0 | I36: =sumif('POST Game Stats'!$R:$R, $A36, 'POST Game Stats'!T:T) -> 0 | J36: =sumif('POST Game Stats'!$R:$R, $A36, 'POST Game Stats'!U:U) -> 0 | K36: =sumif('POST Game Stats'!$R:$R, $A36, 'POST Game Stats'!V:V) -> 0 | L36: =sumif('POST Game Stats'!$R:$R, $A36, 'POST Game Stats'!W:W) -> 0 | M36: =sumif('POST Game Stats'!$R:$R, $A36, 'POST Game Stats'!X:X) -> 0 | N36: =sumif('POST Game Stats'!$R:$R, $A36, 'POST Game Stats'!Y:Y) -> 0 | O36: 0 | P36: 0 | Q36: 0 | R36: 0 | S36: =if(F36=0, "-", (L36+I36)/(F36+G36)) -> - | T36: =if(F36=0, "-", (K36/(F36+G36))*7) -> - | U36: =if(F36=0, "-", 7*(I36/(F36+G36))) -> - | V36: =if(F36=0, "-", 7*(L36/(F36+G36))) -> - | W36: =if(F36=0, "-", 7*(M36/(F36+G36))) -> - | X36: =if(F36=0, "-", 9*(M36/(F36+G36))) -> - | Y36: =if(F36=0, "-", 7*(N36/(F36+G36))) -> - | Z36: =if(M36=0,"-", L36/M36) -> - | AA36: 0
A37: Noah Goettke (So) | B37: =COUNTIF('POST Game Stats'!R:R, A37) -> 0 | C37: =IF((O37+P37)=0, "-", O37/(O37+P37)) -> - | D37: 0 | E37: 0 | F37: 0 | G37: 0 | H37: =F37+ifs(G37=1/3, 0.1, G37=2/3, 0.2, G37=0, 0) -> 0 | I37: =sumif('POST Game Stats'!$R:$R, $A37, 'POST Game Stats'!T:T) -> 0 | J37: =sumif('POST Game Stats'!$R:$R, $A37, 'POST Game Stats'!U:U) -> 0 | K37: =sumif('POST Game Stats'!$R:$R, $A37, 'POST Game Stats'!V:V) -> 0 | L37: =sumif('POST Game Stats'!$R:$R, $A37, 'POST Game Stats'!W:W) -> 0 | M37: =sumif('POST Game Stats'!$R:$R, $A37, 'POST Game Stats'!X:X) -> 0 | N37: =sumif('POST Game Stats'!$R:$R, $A37, 'POST Game Stats'!Y:Y) -> 0 | O37: 0 | P37: 0 | Q37: 0 | R37: 0 | S37: =if(F37=0, "-", (L37+I37)/(F37+G37)) -> - | T37: =if(F37=0, "-", (K37/(F37+G37))*7) -> - | U37: =if(F37=0, "-", 7*(I37/(F37+G37))) -> - | V37: =if(F37=0, "-", 7*(L37/(F37+G37))) -> - | W37: =if(F37=0, "-", 7*(M37/(F37+G37))) -> - | X37: =if(F37=0, "-", 9*(M37/(F37+G37))) -> - | Y37: =if(F37=0, "-", 7*(N37/(F37+G37))) -> - | Z37: =if(M37=0,"-", L37/M37) -> - | AA37: 0
A38: Zion Theophilus (Sr) | B38: =COUNTIF('POST Game Stats'!R:R, A38) -> 2 | C38: =IF((O38+P38)=0, "-", O38/(O38+P38)) -> 0.5 | D38: 2 | E38: 0 | F38: 10 | G38: 0 | H38: =F38+ifs(G38=1/3, 0.1, G38=2/3, 0.2, G38=0, 0) -> 10 | I38: =sumif('POST Game Stats'!$R:$R, $A38, 'POST Game Stats'!T:T) -> 9 | J38: =sumif('POST Game Stats'!$R:$R, $A38, 'POST Game Stats'!U:U) -> 4 | K38: =sumif('POST Game Stats'!$R:$R, $A38, 'POST Game Stats'!V:V) -> 3 | L38: =sumif('POST Game Stats'!$R:$R, $A38, 'POST Game Stats'!W:W) -> 5 | M38: =sumif('POST Game Stats'!$R:$R, $A38, 'POST Game Stats'!X:X) -> 18 | N38: =sumif('POST Game Stats'!$R:$R, $A38, 'POST Game Stats'!Y:Y) -> 0 | O38: 1 | P38: 1 | Q38: 0 | R38: 0 | S38: =if(F38=0, "-", (L38+I38)/(F38+G38)) -> 1.4 | T38: =if(F38=0, "-", (K38/(F38+G38))*7) -> 2.1 | U38: =if(F38=0, "-", 7*(I38/(F38+G38))) -> 6.3 | V38: =if(F38=0, "-", 7*(L38/(F38+G38))) -> 3.5 | W38: =if(F38=0, "-", 7*(M38/(F38+G38))) -> 12.6 | X38: =if(F38=0, "-", 9*(M38/(F38+G38))) -> 16.2 | Y38: =if(F38=0, "-", 7*(N38/(F38+G38))) -> 0 | Z38: =if(M38=0,"-", L38/M38) -> 0.27777778 | AA38: 0
A39: Totals | C39: =iferror(O39/(O39+P39), "-") -> 0.75 | D39: =SUM(D26:D38) -> 4 | E39: =SUM(E26:E38) -> 1 | F39: =SUM(F26:F38) -> 25 | G39: =SUM(G26:G38) -> 1 | H39: =F39+ifs(G39=1/3, 0.1, G39=2/3, 0.2, G39=0, 0, G39=1, 1) -> 26 | I39: =SUM(I26:I38) -> 20 | J39: =SUM(J26:J38) -> 13 | K39: =SUM(K26:K38) -> 11 | L39: =SUM(L26:L38) -> 12 | M39: =SUM(M26:M38) -> 34 | N39: =SUM(N26:N38) -> 0 | O39: =SUM(O26:O38) -> 3 | P39: =SUM(P26:P38) -> 1 | ... R39: =SUM(R26:R38) -> 1 | S39: =iferror((L39+I39)/(F39+G39), 0) -> 1.2307692 | T39: =iferror((K39/(F39+G39))*7, 0) -> 2.9615385 | U39: =iferror(7*(I39/(F39+G39)), 0) -> 5.3846154 | V39: =iferror(7*(L39/(F39+G39)), 0) -> 3.2307692 | W39: =iferror(7*(M39/(F39+G39)), 0) -> 9.1538462 | X39: =iferror(9*(M39/(F39+G39)), 0) -> 11.769231 | Y39: =iferror(7*(N39/(F39+G39)), 0) -> 0 | Z39: =iferror(L39/M39, 0) -> 0.35294118

Sheet Game Stats
A1: Moeller | AB1: INN | AC1: LOB | AD1: Hitter
A2: Hitting | B2: AB | C2: R | D2: H | E2: RBI | F2: AVG | G2: 2B | H2: 3B | I2: HR | J2: BB | K2: SO | L2: SF | M2: SH | N2: HBP | O2: OBP | P2: SLG | Q2: SB | R2: Pitching | S2: IP | T2: H | U2: R | V2: ER | W2: BB | X2: SO | Y2: HR | Z2: ERA | AB2: 1 | AC2: 1 | AD2: Conner Cuozzo (Jr)
A3: Jake Bell (Sr) | B3: 2 | C3: 1 | D3: 0 | E3: 0 | F3: 0 | G3: 0 | H3: 0 | I3: 0 | J3: 0 | K3: 2 | L3: 0 | M3: 1 | N3: 1 | O3: 0.333 | P3: 0 | Q3: 0 | R3: Connor Fuhrer (Sr) | S3: 4.1 | T3: 3 | U3: 3 | V3: 3 | W3: 2 | X3: 6 | Y3: 1 | Z3: 4.846 | AB3: 2 | AC3: 3 | AD3: Carter Christenson (Sr)
A4: Carter Christenson (Sr) | B4: 2 | C4: 2 | D4: 0 | E4: 0 | F4: 0 | G4: 0 | H4: 0 | I4: 0 | J4: 2 | K4: 2 | L4: 0 | M4: 0 | N4: 1 | O4: 0.6 | P4: 0 | Q4: 0 | R4: Finn O'Keefe (Sr) | S4: 1.1 | T4: 2 | U4: 4 | V4: 4 | W4: 4 | X4: 2 | Y4: 1 | Z4: 21 | AB4: 3 | AC4: 0
A5: Conner Cuozzo (Jr) | B5: 3 | C5: 1 | D5: 1 | E5: 2 | F5: 0.333 | G5: 1 | H5: 0 | I5: 0 | J5: 1 | K5: 1 | L5: 0 | M5: 0 | N5: 0 | O5: 0.5 | P5: 0.667 | Q5: 0 | R5: Matt Ponatoski (Jr) | S5: 1 | T5: 1 | U5: 0 | V5: 0 | W5: 0 | X5: 0 | Y5: 0 | Z5: 0 | AB5: 4 | AC5: 3 | AD5: Jovan Love (Sr)
A6: Donovan Glosser (So) | B6: 3 | C6: 0 | D6: 1 | E6: 1 | F6: 0.333 | G6: 0 | H6: 0 | I6: 0 | J6: 0 | K6: 0 | L6: 0 | M6: 1 | N6: 0 | O6: 0.333 | P6: 0.333 | Q6: 1 | R6: Joey Watts (Sr) | S6: 0.1 | T6: 0 | U6: 0 | V6: 0 | W6: 0 | X6: 0 | Y6: 0 | Z6: 0 | AB6: 5 | AC6: 3 | AD6: Jovan Love (Sr)
A7: Jovan Love (Sr) | B7: 4 | C7: 0 | D7: 1 | E7: 1 | F7: 0.25 | G7: 0 | H7: 0 | I7: 0 | J7: 0 | K7: 1 | L7: 0 | M7: 0 | N7: 0 | O7: 0.25 | P7: 0.25 | Q7: 0 | R7: Team | S7: 7 | T7: 6 | U7: 7 | V7: 7 | W7: 6 | X7: 8 | Y7: 0 | Z7: 7 | AB7: 6 | AC7: 2 | AD7: Matt Ponatoski (Jr)
A8: Luke Pappano (Sr) | B8: 4 | C8: 1 | D8: 2 | E8: 1 | F8: 0.5 | G8: 0 | H8: 0 | I8: 0 | J8: 0 | K8: 1 | L8: 1 | M8: 0 | N8: 0 | O8: 0.4 | P8: 0.5 | Q8: 1 | AB8: 7
A9: Matt Ponatoski (Jr) | B9: 2 | C9: 1 | D9: 1 | E9: 1 | F9: 0.5 | G9: 0 | H9: 0 | I9: 0 | J9: 3 | K9: 1 | L9: 0 | M9: 0 | N9: 0 | O9: 0.8 | P9: 0.5 | Q9: 0
A10: Cooper Ridley (Sr) | B10: 3 | C10: 2 | D10: 1 | E10: 1 | F10: 0.333 | G10: 0 | H10: 0 | I10: 0 | J10: 0 | K10: 0 | L10: 0 | M10: 0 | N10: 1 | O10: 0.5 | P10: 0.333 | Q10: 0
A11: Charlie Valencic (Sr) | B11: 1 | C11: 1 | D11: 1 | E11: 2 | F11: 1 | G11: 0 | H11: 0 | I11: 0 | J11: 3 | K11: 0 | L11: 0 | M11: 0 | N11: 0 | O11: 1 | P11: 1 | Q11: 1
A12: Team | B12: 24 | C12: 9 | D12: 8 | E12: 9 | F12: 0.333 | G12: 1 | H12: 0 | I12: 0 | J12: 9 | K12: 8 | L12: 1 | M12: 2 | N12: 3 | O12: 0.541 | P12: 0.375 | Q12: 3
A14: Moeller
A15: Hitting | B15: AB | C15: R | D15: H | E15: RBI | F15: AVG | G15: 2B | H15: 3B | I15: HR | J15: BB | K15: SO | L15: SF | M15: SH | N15: HBP | O15: OBP | P15: SLG | Q15: SB | R15: Pitching | S15: IP | T15: H | U15: R | V15: ER | W15: BB | X15: SO | Y15: HR | Z15: ERA | AB15: 1 | AC15: 2 | AD15: Luke Pappano (Sr)
A16: Griffin Booth (Sr) | B16: 2 | C16: 1 | D16: 0 | E16: 0 | F16: 0 | G16: 0 | H16: 0 | I16: 0 | J16: 1 | K16: 1 | L16: 0 | M16: 0 | N16: 0 | O16: 0.333 | P16: 0 | Q16: 0 | R16: Luke Pappano (Sr) | S16: 5 | T16: 0 | U16: 0 | V16: 0 | W16: 1 | X16: 4 | Y16: 0 | Z16: 0 | AB16: 2 | AC16: 1 | AD16: Jovan Love (Sr)
A17: Carter Christenson (Sr) | B17: 3 | C17: 1 | D17: 2 | E17: 1 | F17: 0.667 | G17: 0 | H17: 1 | I17: 0 | J17: 0 | K17: 0 | L17: 0 | M17: 0 | N17: 0 | O17: 0.667 | P17: 1.333 | Q17: 0 | R17: Team | S17: 5 | T17: 0 | U17: 0 | V17: 0 | W17: 1 | X17: 4 | Y17: 0 | Z17: 0 | AB17: 3 | AC17: 3 | AD17: Conner Cuozzo (Jr)
A18: Conner Cuozzo (Jr) | B18: 2 | C18: 1 | D18: 0 | E18: 0 | F18: 0 | G18: 0 | H18: 0 | I18: 0 | J18: 1 | K18: 1 | L18: 0 | M18: 0 | N18: 0 | O18: 0.333 | P18: 0 | Q18: 1 | AB18: 4 | AC18: 1 | AD18: Jackson Porta (Sr)
A19: Jovan Love (Sr) | B19: 3 | C19: 1 | D19: 1 | E19: 2 | F19: 0.333 | G19: 1 | H19: 0 | I19: 0 | J19: 0 | K19: 1 | L19: 0 | M19: 0 | N19: 0 | O19: 0.333 | P19: 0.667 | Q19: 0 | AB19: 5
A20: Luke Pappano (Sr) | B20: 2 | C20: 1 | D20: 1 | E20: 0 | F20: 0.5 | G20: 1 | H20: 0 | I20: 0 | J20: 2 | K20: 0 | L20: 0 | M20: 0 | N20: 0 | O20: 0.75 | P20: 1 | Q20: 1 | AB20: 6
A21: Matt Ponatoski (Jr) | B21: 1 | C21: 0 | D21: 1 | E21: 3 | F21: 1 | G21: 1 | H21: 0 | I21: 0 | J21: 2 | K21: 0 | L21: 1 | M21: 0 | N21: 0 | O21: 0.75 | P21: 2 | Q21: 1 | AB21: 7
A22: Jackson Porta (Sr) | B22: 2 | C22: 1 | D22: 2 | E22: 2 | F22: 1 | G22: 1 | H22: 0 | I22: 0 | J22: 1 | K22: 0 | L22: 0 | M22: 0 | N22: 0 | O22: 1 | P22: 1.5 | Q22: 1
A23: Cooper Ridley (Sr) | B23: 3 | C23: 2 | D23: 2 | E23: 1 | F23: 0.667 | G23: 0 | H23: 1 | I23: 0 | J23: 0 | K23: 0 | L23: 0 | M23: 0 | N23: 0 | O23: 0.667 | P23: 1.333 | Q23: 0
A24: Will Schirmer (Sr) | B24: 1 | C24: 1 | D24: 1 | E24: 0 | F24: 1 | G24: 0 | H24: 0 | I24: 0 | J24: 0 | K24: 0 | L24: 0 | M24: 0 | N24: 0 | O24: 1 | P24: 1 | Q24: 0
A25: Charlie Valencic (Sr) | B25: 3 | C25: 1 | D25: 0 | E25: 1 | F25: 0 | G25: 0 | H25: 0 | I25: 0 | J25: 0 | K25: 0 | L25: 0 | M25: 0 | N25: 0 | O25: 0 | P25: 0 | Q25: 0
A26: Team | B26: 22 | C26: 10 | D26: 10 | E26: 10 | F26: 0.455 | G26: 4 | H26: 2 | I26: 0 | J26: 7 | K26: 3 | L26: 1 | M26: 0 | N26: 0 | O26: 0.567 | P26: 0.818 | Q26: 4
A28: Moeller
A29: Hitting | B29: AB | C29: R | D29: H | E29: RBI | F29: AVG | G29: 2B | H29: 3B | I29: HR | J29: BB | K29: SO | L29: SF | M29: SH | N29: HBP | O29: OBP | P29: SLG | Q29: SB | R29: Pitching | S29: IP | T29: H | U29: R | V29: ER | W29: BB | X29: SO | Y29: HR | Z29: ERA | AB29: 1 | AC29: 0
A30: Carter Christenson (Sr) | B30: 3 | C30: 1 | D30: 0 | E30: 0 | F30: 0 | G30: 0 | H30: 0 | I30: 0 | J30: 0 | K30: 1 | L30: 0 | M30: 0 | N30: 1 | O30: 0.25 | P30: 0 | Q30: 0 | R30: Zion Theophilus (Sr) | S30: 4 | T30: 3 | U30: 3 | V30: 3 | W30: 2 | X30: 7 | Y30: 0 | Z30: 5.25 | AB30: 2 | AC30: 1 | AD30: Jackson Porta (Sr)
A31: Conner Cuozzo (Jr) | B31: 4 | C31: 2 | D31: 1 | E31: 3 | F31: 0.25 | G31: 0 | H31: 0 | I31: 1 | J31: 0 | K31: 1 | L31: 0 | M31: 0 | N31: 0 | O31: 0.25 | P31: 1 | Q31: 0 | R31: Joey Watts (Sr) | S31: 1 | T31: 0 | U31: 0 | V31: 0 | W31: 1 | X31: 0 | Y31: 0 | Z31: 0 | AB31: 3 | AC31: 2 | AD31: Carter Christenson (Sr)
A32: Donovan Glosser (So) | B32: 3 | C32: 1 | D32: 1 | E32: 0 | F32: 0.333 | G32: 0 | H32: 0 | I32: 0 | J32: 1 | K32: 0 | L32: 0 | M32: 0 | N32: 0 | O32: 0.5 | P32: 0.333 | Q32: 0 | R32: Team | S32: 5 | T32: 3 | U32: 3 | V32: 3 | W32: 3 | X32: 7 | Y32: 0 | Z32: 4.2 | AB32: 4 | AC32: 2 | AD32: Cooper Ridley (Sr)
A33: Jovan Love (Sr) | B33: 4 | C33: 2 | D33: 3 | E33: 2 | F33: 0.75 | G33: 1 | H33: 0 | I33: 0 | J33: 0 | K33: 1 | L33: 0 | M33: 0 | N33: 0 | O33: 0.75 | P33: 1 | Q33: 1 | AB33: 5 | AC33: 1 | AD33: Donovan Glosser (So)
A34: Luke Pappano (Sr) | B34: 2 | C34: 3 | D34: 1 | E34: 0 | F34: 0.5 | G34: 0 | H34: 0 | I34: 0 | J34: 2 | K34: 0 | L34: 0 | M34: 0 | N34: 0 | O34: 0.75 | P34: 0.5 | Q34: 0 | AB34: 6
A35: Matt Ponatoski (Jr) | B35: 4 | C35: 1 | D35: 2 | E35: 2 | F35: 0.5 | G35: 1 | H35: 0 | I35: 0 | J35: 0 | K35: 0 | L35: 0 | M35: 0 | N35: 0 | O35: 0.5 | P35: 0.75 | Q35: 0 | AB35: 7
A36: Jackson Porta (Sr) | B36: 4 | C36: 1 | D36: 2 | E36: 1 | F36: 0.5 | G36: 0 | H36: 0 | I36: 0 | J36: 0 | K36: 1 | L36: 0 | M36: 0 | N36: 0 | O36: 0.5 | P36: 0.5 | Q36: 2
A37: Cooper Ridley (Sr) | B37: 4 | C37: 2 | D37: 2 | E37: 4 | F37: 0.5 | G37: 0 | H37: 0 | I37: 1 | J37: 0 | K37: 1 | L37: 0 | M37: 0 | N37: 0 | O37: 0.5 | P37: 1.25 | Q37: 1
A38: Charlie Valencic (Sr) | B38: 3 | C38: 2 | D38: 2 | E38: 1 | F38: 0.667 | G38: 0 | H38: 0 | I38: 0 | J38: 1 | K38: 0 | L38: 0 | M38: 0 | N38: 0 | O38: 0.75 | P38: 0.667 | Q38: 1
A39: Team | B39: 31 | C39: 15 | D39: 14 | E39: 13 | F39: 0.452 | G39: 2 | H39: 0 | I39: 2 | J39: 4 | K39: 5 | L39: 0 | M39: 0 | N39: 1 | O39: 0.528 | P39: 0.71 | Q39: 5
A41: Moeller
A42: Hitting | B42: AB | C42: R | D42: H | E42: RBI | F42: AVG | G42: 2B | H42: 3B | I42: HR | J42: BB | K42: SO | L42: SF | M42: SH | N42: HBP | O42: OBP | P42: SLG | Q42: SB | R42: Pitching | S42: IP | T42: H | U42: R | V42: ER | W42: BB | X42: SO | Y42: HR | Z42: ERA | AB42: 1 | AC42: 0 | AD42: Matt Ponatoski (Jr)
A43: Carter Christenson (Sr) | B43: 4 | C43: 1 | D43: 1 | E43: 3 | F43: 0.25 | G43: 0 | H43: 0 | I43: 0 | J43: 1 | K43: 1 | L43: 0 | M43: 0 | N43: 0 | O43: 0.4 | P43: 0.25 | Q43: 1 | R43: Connor Fuhrer (Sr) | S43: 5 | T43: 2 | U43: 4 | V43: 0 | W43: 3 | X43: 3 | Y43: 0 | Z43: 0 | AB43: 2 | AC43: 3 | AD43: Luke Pappano (Sr)
A44: Conner Cuozzo (Jr) | B44: 1 | C44: 2 | D44: 0 | E44: 0 | F44: 0 | G44: 0 | H44: 0 | I44: 0 | J44: 3 | K44: 0 | L44: 0 | M44: 0 | N44: 0 | O44: 0.75 | P44: 0 | Q44: 1 | R44: Jake Gaerke (Jr) | S44: 1 | T44: 0 | U44: 0 | V44: 0 | W44: 0 | X44: 1 | Y44: 0 | Z44: 0 | AB44: 3 | AC44: 1 | AD44: Luke Pappano (Sr)
A45: Donovan Glosser (So) | B45: 2 | C45: 1 | D45: 0 | E45: 0 | F45: 0 | G45: 0 | H45: 0 | I45: 0 | J45: 2 | K45: 1 | L45: 0 | M45: 0 | N45: 0 | O45: 0.5 | P45: 0 | Q45: 1 | R45: Joey Watts (Sr) | S45: 1 | T45: 0 | U45: 1 | V45: 1 | W45: 3 | X45: 3 | Y45: 0 | Z45: 7 | AB45: 4 | AC45: 0
A46: Jovan Love (Sr) | B46: 2 | C46: 3 | D46: 1 | E46: 2 | F46: 0.5 | G46: 0 | H46: 0 | I46: 0 | J46: 1 | K46: 1 | L46: 0 | M46: 0 | N46: 1 | O46: 0.75 | P46: 0.5 | Q46: 1 | R46: Team | S46: 7 | T46: 2 | U46: 5 | V46: 1 | W46: 6 | X46: 7 | Y46: 0 | Z46: 1 | AB46: 5 | AC46: 3 | AD46: Charlie Valencic (Sr)
A47: Adam Maybury (Jr) | B47: 0 | C47: 0 | D47: 0 | E47: 0 | F47: 0 | G47: 0 | H47: 0 | I47: 0 | J47: 0 | K47: 0 | L47: 0 | M47: 0 | N47: 0 | O47: 0 | P47: 0 | Q47: 1 | AB47: 6 | AC47: 2 | AD47: Carter Christenson (Sr)
A48: Luke Pappano (Sr) | B48: 4 | C48: 0 | D48: 1 | E48: 1 | F48: 0.25 | G48: 0 | H48: 0 | I48: 0 | J48: 0 | K48: 0 | L48: 0 | M48: 0 | N48: 0 | O48: 0.25 | P48: 0.25 | Q48: 0 | AB48: 7
A49: Matt Ponatoski (Jr) | B49: 3 | C49: 1 | D49: 1 | E49: 1 | F49: 0.333 | G49: 0 | H49: 0 | I49: 0 | J49: 0 | K49: 0 | L49: 0 | M49: 0 | N49: 1 | O49: 0.5 | P49: 0.333 | Q49: 0
A50: Jackson Porta (Sr) | B50: 2 | C50: 1 | D50: 0 | E50: 0 | F50: 0 | G50: 0 | H50: 0 | I50: 0 | J50: 2 | K50: 0 | L50: 0 | M50: 0 | N50: 0 | O50: 0.5 | P50: 0 | Q50: 1
A51: Cooper Ridley (Sr) | B51: 4 | C51: 1 | D51: 2 | E51: 1 | F51: 0.5 | G51: 0 | H51: 0 | I51: 0 | J51: 0 | K51: 0 | L51: 0 | M51: 0 | N51: 0 | O51: 0.5 | P51: 0.5 | Q51: 1
A52: Charlie Valencic (Sr) | B52: 3 | C52: 0 | D52: 0 | E52: 0 | F52: 0 | G52: 0 | H52: 0 | I52: 0 | J52: 0 | K52: 0 | L52: 0 | M52: 1 | N52: 0 | O52: 0 | P52: 0 | Q52: 0
A53: Team | B53: 25 | C53: 10 | D53: 6 | E53: 8 | F53: 0.24 | G53: 0 | H53: 0 | I53: 0 | J53: 9 | K53: 3 | L53: 0 | M53: 1 | N53: 2 | O53: 0.472 | P53: 0.24 | Q53: 7
A55: Moeller
A56: Hitting | B56: AB | C56: R | D56: H | E56: RBI | F56: AVG | G56: 2B | H56: 3B | I56: HR | J56: BB | K56: SO | L56: SF | M56: SH | N56: HBP | O56: OBP | P56: SLG | Q56: SB | R56: Pitching | S56: IP | T56: H | U56: R | V56: ER | W56: BB | X56: SO | Y56: HR | Z56: ERA | AB56: 1 | AC56: 0
A57: Carter Christenson (Sr) | B57: 3 | C57: 0 | D57: 0 | E57: 0 | F57: 0 | G57: 0 | H57: 0 | I57: 0 | J57: 0 | K57: 1 | L57: 0 | M57: 0 | N57: 0 | O57: 0 | P57: 0 | Q57: 0 | R57: Zion Theophilus (Sr) | S57: 7 | T57: 0 | U57: 0 | V57: 0 | W57: 1 | X57: 17 | Y57: 0 | Z57: 0 | AB57: 2 | AC57: 0
A58: Conner Cuozzo (Jr) | B58: 3 | C58: 1 | D58: 2 | E58: 2 | F58: 0.667 | G58: 0 | H58: 0 | I58: 1 | J58: 0 | K58: 0 | L58: 0 | M58: 0 | N58: 0 | O58: 0.667 | P58: 1.667 | Q58: 0 | R58: Team | S58: 7 | T58: 0 | U58: 0 | V58: 0 | W58: 1 | X58: 17 | Y58: 0 | Z58: 0 | AB58: 3 | AC58: 2 | AD58: Charlie Valencic (Sr)
A59: Donovan Glosser (So) | B59: 2 | C59: 0 | D59: 0 | E59: 0 | F59: 0 | G59: 0 | H59: 0 | I59: 0 | J59: 0 | K59: 1 | L59: 0 | M59: 0 | N59: 0 | O59: 0 | P59: 0 | Q59: 0 | AB59: 4 | AC59: 0
A60: Jovan Love (Sr) | B60: 1 | C60: 1 | D60: 0 | E60: 1 | F60: 0 | G60: 0 | H60: 0 | I60: 0 | J60: 1 | K60: 0 | L60: 1 | M60: 0 | N60: 0 | O60: 0.333 | P60: 0 | Q60: 2 | AB60: 5 | AC60: 0
A61: Luke Pappano (Sr) | B61: 2 | C61: 1 | D61: 1 | E61: 0 | F61: 0.5 | G61: 0 | H61: 0 | I61: 0 | J61: 1 | K61: 0 | L61: 0 | M61: 0 | N61: 0 | O61: 0.667 | P61: 0.5 | Q61: 1 | AB61: 6 | AC61: 1 | AD61: Jackson Porta (Sr)
A62: Matt Ponatoski (Jr) | B62: 2 | C62: 1 | D62: 1 | E62: 1 | F62: 0.5 | G62: 0 | H62: 0 | I62: 0 | J62: 1 | K62: 0 | L62: 0 | M62: 0 | N62: 0 | O62: 0.667 | P62: 0.5 | Q62: 1 | AB62: 7
A63: Jackson Porta (Sr) | B63: 3 | C63: 0 | D63: 1 | E63: 1 | F63: 0.333 | G63: 1 | H63: 0 | I63: 0 | J63: 0 | K63: 1 | L63: 0 | M63: 0 | N63: 0 | O63: 0.333 | P63: 0.667 | Q63: 0
A64: Cooper Ridley (Sr) | B64: 3 | C64: 0 | D64: 0 | E64: 0 | F64: 0 | G64: 0 | H64: 0 | I64: 0 | J64: 0 | K64: 1 | L64: 0 | M64: 0 | N64: 0 | O64: 0 | P64: 0 | Q64: 0
A65: Will Schirmer (Sr) | B65: 0 | C65: 1 | D65: 0 | E65: 0 | F65: 0 | G65: 0 | H65: 0 | I65: 0 | J65: 0 | K65: 0 | L65: 0 | M65: 0 | N65: 0 | O65: 0 | P65: 0 | Q65: 0
A66: Charlie Valencic (Sr) | B66: 2 | C66: 0 | D66: 1 | E66: 0 | F66: 0.5 | G66: 0 | H66: 0 | I66: 0 | J66: 1 | K66: 0 | L66: 0 | M66: 0 | N66: 0 | O66: 0.667 | P66: 0.5 | Q66: 1
A67: Team | B67: 21 | C67: 5 | D67: 6 | E67: 5 | F67: 0.286 | G67: 1 | H67: 0 | I67: 1 | J67: 4 | K67: 4 | L67: 1 | M67: 0 | N67: 0 | O67: 0.385 | P67: 0.476 | Q67: 5
A69: Moeller | R69: Pitching | S69: IP | T69: H | U69: R | V69: ER | W69: BB | X69: SO | Y69: HR | Z69: ERA | AB69: 1 | AC69: 1 | AD69: Noah Goettke (So)
A70: Hitting | B70: AB | C70: R | D70: H | E70: RBI | F70: AVG | G70: 2B | H70: 3B | I70: HR | J70: BB | K70: SO | L70: SF | M70: SH | N70: HBP | O70: OBP | P70: SLG | Q70: SB | R70: Luke Pappano (Sr) | S70: 3 | T70: 2 | U70: 1 | V70: 1 | W70: 1 | X70: 5 | Y70: 0 | Z70: 2.333 | AB70: 2 | AC70: 1 | AD70: Carter Christenson (Sr)
A71: Jake Bell (Sr) | B71: 3 | C71: 3 | D71: 3 | E71: 1 | F71: 1 | G71: 0 | H71: 1 | I71: 0 | J71: 1 | K71: 0 | L71: 0 | M71: 0 | N71: 0 | O71: 1 | P71: 1.667 | Q71: 2 | R71: Logan Rosenberger (Sr) | S71: 2 | T71: 1 | U71: 0 | V71: 0 | W71: 1 | X71: 2 | Y71: 0 | Z71: 0 | AB71: 3 | AC71: 2 | AD71: Noah Goettke (So)
A72: Griffin Booth (Sr) | B72: 2 | C72: 2 | D72: 1 | E72: 2 | F72: 0.5 | G72: 0 | H72: 0 | I72: 0 | J72: 2 | K72: 0 | L72: 0 | M72: 0 | N72: 0 | O72: 0.75 | P72: 0.5 | Q72: 0 | R72: Team | S72: 5 | T72: 3 | U72: 1 | V72: 1 | W72: 2 | X72: 7 | Y72: 0 | Z72: 1.4 | AB72: 4 | AC72: 1 | AD72: Griffin Booth (Sr)
A73: Carter Christenson (Sr) | B73: 2 | C73: 1 | D73: 0 | E73: 0 | F73: 0 | G73: 0 | H73: 0 | I73: 0 | J73: 1 | K73: 0 | L73: 0 | M73: 0 | N73: 0 | O73: 0.333 | P73: 0 | Q73: 0 | AB73: 5
A74: Teagan Cumberland (Jr) | B74: 2 | C74: 1 | D74: 1 | E74: 3 | F74: 0.5 | G74: 0 | H74: 1 | I74: 0 | J74: 0 | K74: 0 | L74: 0 | M74: 0 | N74: 0 | O74: 0.5 | P74: 1.5 | Q74: 1 | AB74: 6
A75: Conner Cuozzo (Jr) | B75: 2 | C75: 1 | D75: 1 | E75: 2 | F75: 0.5 | G75: 0 | H75: 0 | I75: 0 | J75: 0 | K75: 0 | L75: 0 | M75: 0 | N75: 0 | O75: 0.5 | P75: 0.5 | Q75: 1
A76: Brody Foltz (Sr) | B76: 0 | C76: 1 | D76: 0 | E76: 0 | F76: 0 | G76: 0 | H76: 0 | I76: 0 | J76: 0 | K76: 0 | L76: 0 | M76: 0 | N76: 1 | O76: 1 | P76: 0 | Q76: 0
A77: Noah Goettke (So) | B77: 4 | C77: 0 | D77: 0 | E77: 0 | F77: 0 | G77: 0 | H77: 0 | I77: 0 | J77: 0 | K77: 2 | L77: 0 | M77: 0 | N77: 0 | O77: 0 | P77: 0 | Q77: 0
A78: Adam Holstein (Jr) | B78: 1 | C78: 1 | D78: 0 | E78: 0 | F78: 0 | G78: 0 | H78: 0 | I78: 0 | J78: 0 | K78: 1 | L78: 0 | M78: 0 | N78: 1 | O78: 0.5 | P78: 0 | Q78: 0
A79: Jovan Love (Sr) | B79: 1 | C79: 2 | D79: 1 | E79: 0 | F79: 1 | G79: 0 | H79: 0 | I79: 0 | J79: 1 | K79: 0 | L79: 0 | M79: 0 | N79: 0 | O79: 1 | P79: 1 | Q79: 2
A80: Adam Maybury (Jr) | B80: 1 | C80: 0 | D80: 0 | E80: 1 | F80: 0 | G80: 0 | H80: 0 | I80: 0 | J80: 1 | K80: 0 | L80: 0 | M80: 0 | N80: 0 | O80: 0.5 | P80: 0 | Q80: 0
A81: Matt Ponatoski (Jr) | B81: 2 | C81: 2 | D81: 1 | E81: 1 | F81: 0.5 | G81: 0 | H81: 0 | I81: 0 | J81: 1 | K81: 0 | L81: 0 | M81: 0 | N81: 0 | O81: 0.667 | P81: 0.5 | Q81: 0
A82: Cooper Ridley (Sr) | B82: 2 | C82: 1 | D82: 2 | E82: 3 | F82: 1 | G82: 0 | H82: 0 | I82: 0 | J82: 0 | K82: 0 | L82: 0 | M82: 0 | N82: 0 | O82: 1 | P82: 1 | Q82: 2
A83: Kayde Ridley (Jr) | B83: 1 | C83: 0 | D83: 1 | E83: 0 | F83: 1 | G83: 0 | H83: 0 | I83: 0 | J83: 0 | K83: 0 | L83: 0 | M83: 0 | N83: 0 | O83: 1 | P83: 1 | Q83: 0
A84: Will Schirmer (Sr) | B84: 0 | C84: 2 | D84: 0 | E84: 1 | F84: 0 | G84: 0 | H84: 0 | I84: 0 | J84: 2 | K84: 0 | L84: 0 | M84: 0 | N84: 0 | O84: 1 | P84: 0 | Q84: 0
A85: Charlie Valencic (Sr) | B85: 2 | C85: 2 | D85: 1 | E85: 1 | F85: 0.5 | G85: 1 | H85: 0 | I85: 0 | J85: 0 | K85: 0 | L85: 0 | M85: 0 | N85: 0 | O85: 0.5 | P85: 1 | Q85: 0
A86: Team | B86: 25 | C86: 19 | D86: 12 | E86: 15 | F86: 0.48 | G86: 1 | H86: 2 | I86: 0 | J86: 9 | K86: 3 | L86: 0 | M86: 0 | N86: 2 | O86: 0.639 | P86: 0.68 | Q86: 8
A88: Moeller | R88: Pitching | S88: IP | T88: H | U88: R | V88: ER | W88: BB | X88: SO | Y88: HR | Z88: ERA | AB88: 1 | AC88: 1 | AD88: Charlie Valencic (Sr)
A89: Hitting | B89: AB | C89: R | D89: H | E89: RBI | F89: AVG | G89: 2B | H89: 3B | I89: HR | J89: BB | K89: SO | L89: SF | M89: SH | N89: HBP | O89: OBP | P89: SLG | Q89: SB | R89: Connor Fuhrer (Sr) | S89: 5.2 | T89: 4 | U89: 1 | V89: 1 | W89: 3 | X89: 1 | Y89: 0 | Z89: 1.235 | AB89: 2 | AC89: 3 | AD89: Carter Christenson (Sr)
A90: Carter Christenson (Sr) | B90: 3 | C90: 1 | D90: 1 | E90: 0 | F90: 0.333 | G90: 0 | H90: 0 | I90: 0 | J90: 0 | K90: 0 | L90: 0 | M90: 0 | N90: 0 | O90: 0.333 | P90: 0.333 | Q90: 1 | R90: Jake Gaerke (Jr) | S90: 1.1 | T90: 0 | U90: 0 | V90: 0 | W90: 1 | X90: 1 | Y90: 0 | Z90: 0 | AB90: 3 | AC90: 1 | AD90: Jovan Love (Sr)
A91: Conner Cuozzo (Jr) | B91: 3 | C91: 1 | D91: 2 | E91: 1 | F91: 0.667 | G91: 1 | H91: 1 | I91: 0 | J91: 0 | K91: 0 | L91: 0 | M91: 0 | N91: 0 | O91: 0.667 | P91: 1.667 | Q91: 1 | R91: Team | S91: 7 | T91: 4 | U91: 1 | V91: 1 | W91: 4 | X91: 2 | Y91: 0 | Z91: 1 | AB91: 4 | AC91: 1 | AD91: Luke Pappano (Sr)
A92: Donovan Glosser (So) | B92: 2 | C92: 0 | D92: 1 | E92: 0 | F92: 0.5 | G92: 0 | H92: 0 | I92: 0 | J92: 1 | K92: 1 | L92: 0 | M92: 0 | N92: 0 | O92: 0.667 | P92: 0.5 | Q92: 0 | AB92: 5 | AC92: 1 | AD92: Charlie Valencic (Sr)
A93: Jovan Love (Sr) | B93: 3 | C93: 1 | D93: 1 | E93: 1 | F93: 0.333 | G93: 0 | H93: 0 | I93: 1 | J93: 0 | K93: 1 | L93: 0 | M93: 0 | N93: 0 | O93: 0.333 | P93: 1.333 | Q93: 0 | AB93: 6 | AC93: 1 | AD93: Luke Pappano (Sr)
A94: Luke Pappano (Sr) | B94: 4 | C94: 0 | D94: 1 | E94: 0 | F94: 0.25 | G94: 0 | H94: 0 | I94: 0 | J94: 0 | K94: 3 | L94: 0 | M94: 0 | N94: 0 | O94: 0.25 | P94: 0.25 | Q94: 0 | AB94: 7
A95: Matt Ponatoski (Jr) | B95: 3 | C95: 0 | D95: 0 | E95: 0 | F95: 0 | G95: 0 | H95: 0 | I95: 0 | J95: 0 | K95: 0 | L95: 0 | M95: 0 | N95: 0 | O95: 0 | P95: 0 | Q95: 0
A96: Jackson Porta (Sr) | B96: 2 | C96: 0 | D96: 1 | E96: 0 | F96: 0.5 | G96: 0 | H96: 0 | I96: 0 | J96: 1 | K96: 0 | L96: 0 | M96: 0 | N96: 0 | O96: 0.667 | P96: 0.5 | Q96: 0
A97: Cooper Ridley (Sr) | B97: 2 | C97: 0 | D97: 0 | E97: 0 | F97: 0 | G97: 0 | H97: 0 | I97: 0 | J97: 1 | K97: 2 | L97: 0 | M97: 0 | N97: 0 | O97: 0.333 | P97: 0 | Q97: 0
A98: Charlie Valencic (Sr) | B98: 3 | C98: 0 | D98: 1 | E98: 1 | F98: 0.333 | G98: 0 | H98: 0 | I98: 0 | J98: 0 | K98: 0 | L98: 0 | M98: 0 | N98: 0 | O98: 0.333 | P98: 0.333 | Q98: 0
A99: Team | B99: 25 | C99: 3 | D99: 8 | E99: 3 | F99: 0.32 | G99: 1 | H99: 1 | I99: 1 | J99: 3 | K99: 7 | L99: 0 | M99: 0 | N99: 0 | O99: 0.393 | P99: 0.56 | Q99: 2
A101: Moeller | R101: Pitching | S101: IP | T101: H | U101: R | V101: ER | W101: BB | X101: SO | Y101: HR | Z101: ERA | AB101: 1
A102: Hitting | B102: AB | C102: R | D102: H | E102: RBI | F102: AVG | G102: 2B | H102: 3B | I102: HR | J102: BB | K102: SO | L102: SF | M102: SH | N102: HBP | O102: OBP | P102: SLG | Q102: SB | R102: Braylon Connell (Sr) | S102: 2.1 | T102: 0 | U102: 0 | V102: 0 | W102: 1 | X102: 1 | Y102: 0 | Z102: 0 | AB102: 2 | AC102: 1 | AD102: Jake Bell (Sr)
A103: Jake Bell (Sr) | B103: 3 | C103: 1 | D103: 1 | E103: 0 | F103: 0.333 | G103: 0 | H103: 0 | I103: 0 | J103: 0 | K103: 1 | L103: 0 | M103: 0 | N103: 0 | O103: 0.333 | P103: 0.333 | Q103: 0 | R103: Logan Rosenberger (Sr) | S103: 1.1 | T103: 6 | U103: 6 | V103: 6 | W103: 2 | X103: 0 | Y103: 0 | Z103: 31.5 | AB103: 3
A104: Griffin Booth (Sr) | B104: 2 | C104: 0 | D104: 0 | E104: 0 | F104: 0 | G104: 0 | H104: 0 | I104: 0 | J104: 0 | K104: 0 | L104: 0 | M104: 0 | N104: 0 | O104: 0 | P104: 0 | Q104: 0 | R104: Connor Scoggins (Sr) | S104: 3.1 | T104: 1 | U104: 0 | V104: 0 | W104: 3 | X104: 3 | Y104: 0 | Z104: 0 | AB104: 4 | AC104: 1 | AD104: Conner Cuozzo (Jr)
A105: Carter Christenson (Sr) | B105: 3 | C105: 1 | D105: 1 | E105: 1 | F105: 0.333 | G105: 0 | H105: 1 | I105: 0 | J105: 1 | K105: 2 | L105: 0 | M105: 0 | N105: 0 | O105: 0.5 | P105: 1 | Q105: 1 | R105: Team | S105: 7 | T105: 7 | U105: 6 | V105: 6 | W105: 6 | X105: 4 | Y105: 0 | Z105: 6 | AB105: 5 | AC105: 1 | AD105: Charlie Valencic (Sr)
A106: Conner Cuozzo (Jr) | B106: 4 | C106: 0 | D106: 0 | E106: 0 | F106: 0 | G106: 0 | H106: 0 | I106: 0 | J106: 0 | K106: 2 | L106: 0 | M106: 0 | N106: 0 | O106: 0 | P106: 0 | Q106: 0 | AB106: 6 | AC106: 1 | AD106: Jake Bell (Sr)
A107: Noah Goettke (So) | B107: 3 | C107: 1 | D107: 1 | E107: 2 | F107: 0.333 | G107: 1 | H107: 0 | I107: 0 | J107: 0 | K107: 1 | L107: 0 | M107: 0 | N107: 0 | O107: 0.333 | P107: 0.667 | Q107: 0 | AB107: 7 | AC107: 1 | AD107: Conner Cuozzo (Jr)
...

Sheet POST Game Stats
A1: Moeller | AB1: INN | AC1: LOB | AD1: Hitter
A2: Hitting | B2: AB | C2: R | D2: H | E2: RBI | F2: AVG | G2: 2B | H2: 3B | I2: HR | J2: BB | K2: SO | L2: SF | M2: SH | N2: HBP | O2: OBP | P2: SLG | Q2: SB | AB2: 1 | AC2: 2 | AD2: Charlie Valencic (Sr)
A3: Jake Bell (Sr) | B3: 2 | C3: 0 | D3: 1 | E3: 1 | F3: 0.5 | G3: 0 | H3: 0 | I3: 0 | J3: 0 | K3: 0 | L3: 0 | M3: 0 | N3: 0 | O3: 0.5 | P3: 0.5 | Q3: 0 | R3: Pitching | S3: IP | T3: H | U3: R | V3: ER | W3: BB | X3: SO | Y3: HR | Z3: ERA | AB3: 2 | AC3: 1 | AD3: Donovan Glosser (So)
A4: Griffin Booth (Sr) | B4: 0 | C4: 1 | D4: 0 | E4: 0 | F4: 0 | G4: 0 | H4: 0 | I4: 0 | J4: 1 | K4: 0 | L4: 0 | M4: 0 | N4: 0 | O4: 1 | P4: 0 | Q4: 0 | R4: Connor Fuhrer (Sr) | S4: 5 | T4: 1 | U4: 0 | V4: 0 | W4: 0 | X4: 7 | Y4: 0 | Z4: 0 | AB4: 3 | AC4: 1 | AD4: Brody Foltz (Sr)
A5: Carter Christenson (Sr) | B5: 3 | C5: 1 | D5: 2 | E5: 0 | F5: 0.667 | G5: 1 | H5: 0 | I5: 0 | J5: 0 | K5: 1 | L5: 0 | M5: 0 | N5: 0 | O5: 0.667 | P5: 1 | Q5: 1 | R5: Team | S5: 5 | T5: 1 | U5: 0 | V5: 0 | W5: 0 | X5: 7 | Y5: 0 | Z5: 0 | AB5: 4 | AC5: 2 | AD5: Will Schirmer (Sr)
A6: Teagan Cumberland (Jr) | B6: 1 | C6: 1 | D6: 1 | E6: 0 | F6: 1 | G6: 0 | H6: 0 | I6: 0 | J6: 0 | K6: 0 | L6: 0 | M6: 0 | N6: 0 | O6: 1 | P6: 1 | Q6: 0 | AB6: 5
A7: Conner Cuozzo (Jr) | B7: 0 | C7: 2 | D7: 0 | E7: 0 | F7: 0 | G7: 0 | H7: 0 | I7: 0 | J7: 3 | K7: 0 | L7: 0 | M7: 0 | N7: 0 | O7: 1 | P7: 0 | Q7: 0 | AB7: 6
A8: Brody Foltz (Sr) | B8: 2 | C8: 0 | D8: 1 | E8: 1 | F8: 0.5 | G8: 0 | H8: 0 | I8: 0 | J8: 0 | K8: 0 | L8: 0 | M8: 0 | N8: 0 | O8: 0.5 | P8: 0.5 | Q8: 0 | AB8: 7
A9: Donovan Glosser (So) | B9: 2 | C9: 1 | D9: 0 | E9: 0 | F9: 0 | G9: 0 | H9: 0 | I9: 0 | J9: 0 | K9: 0 | L9: 0 | M9: 0 | N9: 1 | O9: 0.333 | P9: 0 | Q9: 0
A10: Noah Goettke (So) | B10: 0 | C10: 1 | D10: 0 | E10: 0 | F10: 0 | G10: 0 | H10: 0 | I10: 0 | J10: 1 | K10: 0 | L10: 0 | M10: 0 | N10: 0 | O10: 1 | P10: 0 | Q10: 0
A11: Adam Holstein (Jr) | B11: 2 | C11: 0 | D11: 0 | E11: 0 | F11: 0 | G11: 0 | H11: 0 | I11: 0 | J11: 0 | K11: 0 | L11: 0 | M11: 0 | N11: 0 | O11: 0 | P11: 0 | Q11: 0
A12: Jovan Love (Sr) | B12: 3 | C12: 2 | D12: 2 | E12: 4 | F12: 0.667 | G12: 0 | H12: 1 | I12: 0 | J12: 0 | K12: 0 | L12: 0 | M12: 0 | N12: 0 | O12: 0.667 | P12: 1.333 | Q12: 0
A13: Adam Maybury (Jr) | B13: 1 | C13: 2 | D13: 0 | E13: 0 | F13: 0 | G13: 0 | H13: 0 | I13: 0 | J13: 1 | K13: 0 | L13: 0 | M13: 0 | N13: 0 | O13: 0.5 | P13: 0 | Q13: 0
A14: Luke Pappano (Sr) | B14: 2 | C14: 3 | D14: 1 | E14: 1 | F14: 0.5 | G14: 0 | H14: 0 | I14: 0 | J14: 1 | K14: 0 | L14: 0 | M14: 0 | N14: 0 | O14: 0.667 | P14: 0.5 | Q14: 1
A15: Matt Ponatoski (Jr) | B15: 3 | C15: 3 | D15: 3 | E15: 6 | F15: 1 | G15: 1 | H15: 0 | I15: 2 | J15: 0 | K15: 0 | L15: 1 | M15: 0 | N15: 0 | O15: 0.75 | P15: 3.333 | Q15: 0
A16: Jackson Porta (Sr) | B16: 3 | C16: 2 | D16: 3 | E16: 3 | F16: 1 | G16: 0 | H16: 0 | I16: 0 | J16: 0 | K16: 0 | L16: 0 | M16: 0 | N16: 0 | O16: 1 | P16: 1 | Q16: 2
A17: Logan Rosenberger (Sr) | B17: 1 | C17: 1 | D17: 1 | E17: 1 | F17: 1 | G17: 0 | H17: 0 | I17: 0 | J17: 1 | K17: 0 | L17: 0 | M17: 0 | N17: 0 | O17: 1 | P17: 1 | Q17: 0
A18: Will Schirmer (Sr) | B18: 5 | C18: 3 | D18: 3 | E18: 3 | F18: 0.6 | G18: 0 | H18: 0 | I18: 1 | J18: 0 | K18: 0 | L18: 0 | M18: 0 | N18: 0 | O18: 0.6 | P18: 1.2 | Q18: 1
A19: Charlie Valencic (Sr) | B19: 2 | C19: 2 | D19: 0 | E19: 0 | F19: 0 | G19: 0 | H19: 0 | I19: 0 | J19: 1 | K19: 0 | L19: 0 | M19: 0 | N19: 0 | O19: 0.333 | P19: 0 | Q19: 1
A20: Team | B20: 32 | C20: 25 | D20: 18 | E20: 20 | F20: 0.563 | G20: 2 | H20: 1 | I20: 3 | J20: 9 | K20: 1 | L20: 1 | M20: 0 | N20: 1 | O20: 0.651 | P20: 0.969 | Q20: 6
A22: Moeller
A23: Hitting | B23: AB | C23: R | D23: H | E23: RBI | F23: AVG | G23: 2B | H23: 3B | I23: HR | J23: BB | K23: SO | L23: SF | M23: SH | N23: HBP | O23: OBP | P23: SLG | Q23: SB | R23: Pitching | S23: IP | T23: H | U23: R | V23: ER | W23: BB | X23: SO | Y23: HR | Z23: ERA | AB23: 1
A24: Carter Christenson (Sr) | B24: 3 | C24: 1 | D24: 2 | E24: 2 | F24: 0.667 | G24: 0 | H24: 1 | I24: 0 | J24: 0 | K24: 0 | L24: 0 | M24: 0 | N24: 0 | O24: 0.667 | P24: 1.333 | Q24: 1 | R24: Luke Pappano (Sr) | S24: 3 | T24: 2 | U24: 3 | V24: 2 | W24: 2 | X24: 3 | Y24: 0 | Z24: 4.667 | AB24: 2 | AC24: 1 | AD24: Charlie Valencic (Sr)
A25: Conner Cuozzo (Jr) | B25: 2 | C25: 1 | D25: 1 | E25: 2 | F25: 0.5 | G25: 0 | H25: 0 | I25: 1 | J25: 1 | K25: 1 | L25: 0 | M25: 0 | N25: 0 | O25: 0.667 | P25: 2 | Q25: 0 | R25: Zion Theophilus (Sr) | S25: 4 | T25: 1 | U25: 1 | V25: 0 | W25: 3 | X25: 9 | Y25: 0 | Z25: 0 | AB25: 3
A26: Donovan Glosser (So) | B26: 1 | C26: 1 | D26: 0 | E26: 0 | F26: 0 | G26: 0 | H26: 0 | I26: 0 | J26: 2 | K26: 0 | L26: 0 | M26: 0 | N26: 0 | O26: 0.667 | P26: 0 | Q26: 0 | R26: Team | S26: 7 | T26: 3 | U26: 4 | V26: 2 | W26: 5 | X26: 12 | Y26: 0 | Z26: 2 | AB26: 4 | AC26: 1 | AD26: Charlie Valencic (Sr)
A27: Jovan Love (Sr) | B27: 2 | C27: 0 | D27: 0 | E27: 0 | F27: 0 | G27: 0 | H27: 0 | I27: 0 | J27: 1 | K27: 1 | L27: 0 | M27: 0 | N27: 0 | O27: 0.333 | P27: 0 | Q27: 0 | AB27: 5
A28: Luke Pappano (Sr) | B28: 4 | C28: 1 | D28: 1 | E28: 1 | F28: 0.25 | G28: 0 | H28: 0 | I28: 0 | J28: 0 | K28: 0 | L28: 0 | M28: 0 | N28: 0 | O28: 0.25 | P28: 0.25 | Q28: 0 | AB28: 6 | AC28: 2 | AD28: Matt Ponatoski (Jr)
A29: Matt Ponatoski (Jr) | B29: 4 | C29: 2 | D29: 2 | E29: 2 | F29: 0.5 | G29: 1 | H29: 0 | I29: 0 | J29: 0 | K29: 1 | L29: 0 | M29: 0 | N29: 0 | O29: 0.5 | P29: 0.75 | Q29: 1 | AB29: 7
A30: Jackson Porta (Sr) | B30: 2 | C30: 0 | D30: 0 | E30: 0 | F30: 0 | G30: 0 | H30: 0 | I30: 0 | J30: 0 | K30: 0 | L30: 0 | M30: 1 | N30: 0 | O30: 0 | P30: 0 | Q30: 0
A31: Will Schirmer (Sr) | B31: 2 | C31: 1 | D31: 1 | E31: 0 | F31: 0.5 | G31: 0 | H31: 0 | I31: 0 | J31: 1 | K31: 0 | L31: 0 | M31: 0 | N31: 0 | O31: 0.667 | P31: 0.5 | Q31: 0
A32: Charlie Valencic (Sr) | B32: 3 | C32: 1 | D32: 1 | E32: 0 | F32: 0.333 | G32: 0 | H32: 0 | I32: 0 | J32: 0 | K32: 0 | L32: 0 | M32: 0 | N32: 0 | O32: 0.333 | P32: 0.333 | Q32: 0
A33: Team | B33: 23 | C33: 8 | D33: 8 | E33: 7 | F33: 0.348 | G33: 1 | H33: 1 | I33: 1 | J33: 5 | K33: 3 | L33: 0 | M33: 1 | N33: 0 | O33: 0.464 | P33: 0.609 | Q33: 2
A35: Moeller | AB35: 1
A36: Hitting | B36: AB | C36: R | D36: H | E36: RBI | F36: AVG | G36: 2B | H36: 3B | I36: HR | J36: BB | K36: SO | L36: SF | M36: SH | N36: HBP | O36: OBP | P36: SLG | Q36: SB | R36: Pitching | S36: IP | T36: H | U36: R | V36: ER | W36: BB | X36: SO | Y36: HR | Z36: ERA | AB36: 2 | AC36: 3 | AD36: Jovan Love (Sr)
A37: Carter Christenson (Sr) | B37: 2 | C37: 1 | D37: 1 | E37: 2 | F37: 0.5 | G37: 1 | H37: 0 | I37: 0 | J37: 1 | K37: 0 | L37: 0 | M37: 0 | N37: 0 | O37: 0.667 | P37: 1 | Q37: 0 | R37: Braylon Connell (Sr) | S37: 1.2 | T37: 1 | U37: 1 | V37: 1 | W37: 1 | X37: 2 | Y37: 0 | Z37: 4.2 | AB37: 3
A38: Conner Cuozzo (Jr) | B38: 3 | C38: 1 | D38: 0 | E38: 0 | F38: 0 | G38: 0 | H38: 0 | I38: 0 | J38: 0 | K38: 2 | L38: 0 | M38: 0 | N38: 1 | O38: 0.25 | P38: 0 | Q38: 0 | R38: Connor Fuhrer (Sr) | S38: 4 | T38: 6 | U38: 5 | V38: 5 | W38: 3 | X38: 2 | Y38: 0 | Z38: 8.75 | AB38: 4
A39: Donovan Glosser (So) | B39: 1 | C39: 0 | D39: 0 | E39: 0 | F39: 0 | G39: 0 | H39: 0 | I39: 0 | J39: 0 | K39: 0 | L39: 0 | M39: 1 | N39: 0 | O39: 0 | P39: 0 | Q39: 0 | R39: Luke Pappano (Sr) | S39: 1.1 | T39: 1 | U39: 0 | V39: 0 | W39: 0 | X39: 1 | Y39: 0 | Z39: 0 | AB39: 5 | AC39: 1 | AD39: Donovan Glosser (So)
A40: Jovan Love (Sr) | B40: 2 | C40: 1 | D40: 0 | E40: 0 | F40: 0 | G40: 0 | H40: 0 | I40: 0 | J40: 1 | K40: 1 | L40: 0 | M40: 0 | N40: 0 | O40: 0.333 | P40: 0 | Q40: 1 | R40: Team | S40: 7 | T40: 8 | U40: 6 | V40: 6 | W40: 4 | X40: 5 | Y40: 0 | Z40: 6 | AB40: 6
A41: Luke Pappano (Sr) | B41: 3 | C41: 2 | D41: 2 | E41: 2 | F41: 0.667 | G41: 1 | H41: 0 | I41: 0 | J41: 1 | K41: 0 | L41: 0 | M41: 0 | N41: 0 | O41: 0.75 | P41: 1 | Q41: 2 | AB41: 7
A42: Matt Ponatoski (Jr) | B42: 3 | C42: 1 | D42: 1 | E42: 1 | F42: 0.333 | G42: 0 | H42: 0 | I42: 0 | J42: 1 | K42: 0 | L42: 0 | M42: 0 | N42: 0 | O42: 0.5 | P42: 0.333 | Q42: 1
A43: Jackson Porta (Sr) | B43: 3 | C43: 1 | D43: 0 | E43: 0 | F43: 0 | G43: 0 | H43: 0 | I43: 0 | J43: 0 | K43: 0 | L43: 0 | M43: 0 | N43: 0 | O43: 0 | P43: 0 | Q43: 0
A44: Will Schirmer (Sr) | B44: 1 | C44: 1 | D44: 1 | E44: 1 | F44: 1 | G44: 0 | H44: 0 | I44: 0 | J44: 0 | K44: 0 | L44: 0 | M44: 2 | N44: 0 | O44: 1 | P44: 1 | Q44: 0
A45: Charlie Valencic (Sr) | B45: 2 | C45: 0 | D45: 2 | E45: 1 | F45: 1 | G45: 0 | H45: 0 | I45: 0 | J45: 0 | K45: 0 | L45: 1 | M45: 0 | N45: 0 | O45: 0.667 | P45: 1 | Q45: 0
A46: Team | B46: 20 | C46: 8 | D46: 7 | E46: 7 | F46: 0.35 | G46: 2 | H46: 0 | I46: 0 | J46: 4 | K46: 3 | L46: 1 | M46: 3 | N46: 1 | O46: 0.462 | P46: 0.45 | Q46: 4
A48: Moeller
A49: Hitting | B49: AB | C49: R | D49: H | E49: RBI | F49: AVG | G49: 2B | H49: 3B | I49: HR | J49: BB | K49: SO | L49: SF | M49: SH | N49: HBP | O49: OBP | P49: SLG | Q49: SB | R49: Pitching | S49: IP | T49: H | U49: R | V49: ER | W49: BB | X49: SO | Y49: HR | Z49: ERA | AB49: 1
A50: Carter Christenson (Sr) | B50: 3 | C50: 0 | D50: 1 | E50: 1 | F50: 0.333 | G50: 0 | H50: 0 | I50: 0 | J50: 0 | K50: 1 | L50: 0 | M50: 0 | N50: 0 | O50: 0.333 | P50: 0.333 | Q50: 1 | R50: Matt Ponatoski (Jr) | S50: 1 | T50: 0 | U50: 0 | V50: 0 | W50: 1 | X50: 1 | Y50: 0 | Z50: 0 | AB50: 2
A51: Conner Cuozzo (Jr) | B51: 3 | C51: 1 | D51: 1 | E51: 0 | F51: 0.333 | G51: 0 | H51: 0 | I51: 0 | J51: 0 | K51: 0 | L51: 0 | M51: 0 | N51: 0 | O51: 0.333 | P51: 0.333 | Q51: 1 | R51: Zion Theophilus (Sr) | S51: 6 | T51: 8 | U51: 3 | V51: 3 | W51: 2 | X51: 9 | Y51: 0 | Z51: 3.5 | AB51: 3
A52: Donovan Glosser (So) | B52: 1 | C52: 0 | D52: 0 | E52: 1 | F52: 0 | G52: 0 | H52: 0 | I52: 0 | J52: 0 | K52: 0 | L52: 1 | M52: 0 | N52: 0 | O52: 0 | P52: 0 | Q52: 0 | R52: Team | S52: 7 | T52: 8 | U52: 3 | V52: 3 | W52: 3 | X52: 10 | Y52: 0 | Z52: 3 | AB52: 4 | AC52: 1 | AD52: Jovan Love (Sr)
A53: Jovan Love (Sr) | B53: 3 | C53: 0 | D53: 0 | E53: 0 | F53: 0 | G53: 0 | H53: 0 | I53: 0 | J53: 0 | K53: 1 | L53: 0 | M53: 0 | N53: 0 | O53: 0 | P53: 0 | Q53: 0 | AB53: 5 | AC53: 1 | AD53: Luke Pappano (Sr)
A54: Luke Pappano (Sr) | B54: 3 | C54: 0 | D54: 0 | E54: 0 | F54: 0 | G54: 0 | H54: 0 | I54: 0 | J54: 0 | K54: 2 | L54: 0 | M54: 0 | N54: 0 | O54: 0 | P54: 0 | Q54: 0 | AB54: 6
A55: Matt Ponatoski (Jr) | B55: 3 | C55: 0 | D55: 0 | E55: 0 | F55: 0 | G55: 0 | H55: 0 | I55: 0 | J55: 0 | K55: 2 | L55: 0 | M55: 0 | N55: 0 | O55: 0 | P55: 0 | Q55: 0
A56: Jackson Porta (Sr) | B56: 1 | C56: 0 | D56: 0 | E56: 0 | F56: 0 | G56: 0 | H56: 0 | I56: 0 | J56: 0 | K56: 1 | L56: 0 | M56: 1 | N56: 0 | O56: 0 | P56: 0 | Q56: 0
A57: Will Schirmer (Sr) | B57: 3 | C57: 0 | D57: 1 | E57: 0 | F57: 0.333 | G57: 0 | H57: 0 | I57: 0 | J57: 0 | K57: 1 | L57: 0 | M57: 0 | N57: 0 | O57: 0.333 | P57: 0.333 | Q57: 0
A58: Charlie Valencic (Sr) | B58: 3 | C58: 1 | D58: 0 | E58: 0 | F58: 0 | G58: 0 | H58: 0 | I58: 0 | J58: 0 | K58: 1 | L58: 0 | M58: 0 | N58: 0 | O58: 0 | P58: 0 | Q58: 0
A59: Team | B59: 23 | C59: 2 | D59: 3 | E59: 2 | F59: 0.13 | G59: 0 | H59: 0 | I59: 0 | J59: 0 | K59: 9 | L59: 1 | M59: 1 | N59: 0 | O59: 0.125 | P59: 0.13 | Q59: 2
